round,t,histogram_sum,window_first,first_nonzero,occupied,span,heap_threshold,tram_threshold,two_tier,updates_created,updates_processed,updates_noted,distance_changes,done_vertices
0,0.000320435,69,0,0,44,71,70,70,1,70,1,1,1,1
1,0.00120568,69,0,1,44,71,71,71,1,70,1,1,1,0
2,0.0457029,454947,1,2,137,137,3,132,0,1506328,1051381,1387168,350614,2
3,0.101133,1413966,2,2,137,137,3,125,0,7878427,6464462,7409087,1021370,5
4,0.124984,1215779,2,3,136,136,3,75,0,12302560,11086782,12224065,1279461,5
5,0.135214,1276498,3,3,136,136,3,75,0,14057317,12780820,13951861,1350648,5136
6,0.142942,1253984,3,3,136,136,4,76,0,14421580,13167597,14344917,1365657,5136
7,0.157388,1196006,3,3,136,136,4,75,0,14499038,13303033,14483437,1370833,5136
8,0.166501,1199589,3,3,136,136,4,76,0,15885849,14686261,15856182,1416096,5136
9,0.170953,1195107,3,4,135,135,5,76,0,16313370,15118264,16276602,1428507,5136
10,0.177962,1175482,4,4,135,135,5,76,0,16354042,15178561,16336653,1430263,57134
11,0.183791,1150368,4,5,134,134,6,77,0,17161169,16010802,17125560,1451371,57134
12,0.187885,1137942,5,5,134,134,6,77,0,17184329,16046388,17159793,1452268,100035
13,0.191424,1109608,5,6,131,132,6,78,0,17582954,16473347,17551267,1461780,100035
14,0.192015,1090801,6,6,130,132,7,78,0,17669672,16578872,17647345,1464046,132961
15,0.192458,1079696,6,7,129,131,7,78,0,17669672,16589977,17658613,1464277,132961
16,0.193376,1079337,7,7,128,131,7,77,0,17732270,16652934,17713958,1465422,160212
17,0.194994,1072086,7,7,126,126,7,79,0,17836589,16764504,17811904,1467613,160212
18,0.195978,1060504,7,7,126,126,8,79,0,17941936,16881433,17913605,1469815,160212
19,0.197479,1046872,7,7,126,126,8,79,0,17961631,16914760,17944154,1470466,160212
20,0.199505,1018184,7,8,125,125,8,80,0,18159989,17141806,18135950,1474430,160212
21,0.200461,1011116,8,8,125,125,9,80,0,18184929,17173814,18163164,1474970,181479
22,0.200638,1001296,8,8,125,125,9,80,0,18186350,17185055,18174232,1475170,181479
23,0.201267,1003742,8,9,124,124,9,80,0,18218329,17214588,18196862,1475608,181479
24,0.202591,992366,9,9,124,124,9,80,0,18277649,17285284,18254756,1476714,201335
25,0.203279,974785,9,9,124,124,10,81,0,18349608,17374824,18327304,1478089,201335
26,0.204517,967718,9,9,124,124,10,81,0,18353696,17385979,18337560,1478297,201335
27,0.205508,948414,9,10,123,123,10,82,0,18456260,17507847,18432163,1480012,201335
28,0.20625,937705,10,10,123,123,11,82,0,18485554,17547850,18463894,1480557,218991
29,0.206471,930169,10,10,123,123,11,82,0,18486846,17556678,18472478,1480708,218991
30,0.20695,926954,10,11,122,122,11,82,0,18520265,17593312,18499033,1481143,218991
31,0.207626,914424,11,11,122,122,11,82,0,18559308,17644885,18538588,1481814,234710
32,0.208203,905230,11,11,122,122,12,83,0,18591737,17686508,18569235,1482333,234710
33,0.215975,896634,11,11,122,122,12,83,0,18593818,17697185,18579300,1482489,234710
34,0.216841,868359,11,12,121,121,13,84,0,18676180,17807822,18660191,1483797,234710
35,0.217448,867684,12,12,121,121,13,84,0,18677638,17809955,18661846,1483831,249012
36,0.218172,852596,12,12,121,121,13,84,0,18727914,17875319,18707236,1484537,249012
37,0.218828,834353,12,12,121,121,14,85,0,18751504,17917152,18739233,1485015,249012
38,0.219538,830033,12,13,120,120,14,84,0,18753990,17923958,18745104,1485105,249012
39,0.220361,819355,13,13,120,120,15,85,0,18806727,17987373,18784467,1485717,262128
40,0.221295,813950,13,14,119,119,15,85,0,18815033,18001084,18794535,1485869,262128
41,0.222056,785970,14,15,118,118,16,86,0,18868714,18082745,18849367,1486689,274326
42,0.222299,780163,15,15,118,118,16,86,0,18870668,18090506,18856167,1486783,284941
43,0.222652,767838,15,16,117,117,16,87,0,18891587,18123750,18877603,1487069,284941
44,0.223074,766095,16,16,117,117,17,87,0,18911579,18145485,18888195,1487202,295705
45,0.223521,754040,16,16,117,117,17,87,0,18916585,18162546,18902068,1487412,295705
46,0.224179,740516,16,16,117,117,17,88,0,18949875,18209360,18928636,1487798,295705
47,0.224613,727163,16,17,116,116,18,88,0,18958422,18231260,18945488,1488032,295705
48,0.224802,722163,17,17,116,116,18,88,0,18958500,18236338,18950570,1488102,305504
49,0.22521,723436,17,17,116,116,18,89,0,18979027,18255592,18956166,1488171,305504
50,0.225691,705118,17,18,115,115,19,89,0,18993915,18288798,18979476,1488464,305504
51,0.226077,698183,18,18,115,115,19,89,0,18994891,18296709,18986741,1488556,314722
52,0.226636,693776,18,19,114,114,20,90,0,19023380,18329605,18999103,1488708,314722
53,0.226903,681409,19,19,114,114,20,90,0,19027406,18345998,19012636,1488902,323432
54,0.227242,672486,19,19,114,114,20,91,0,19046433,18373948,19026320,1489088,323432
55,0.227647,665452,19,19,114,114,21,91,0,19056727,18391276,19035706,1489215,323432
56,0.227952,661077,19,19,114,114,21,91,0,19056959,18395883,19040161,1489273,323432
57,0.228271,646717,19,20,113,113,21,92,0,19077639,18430923,19059690,1489500,323432
58,0.228621,640662,20,20,113,113,22,92,0,19081977,18441316,19066167,1489570,331768
59,0.228941,640719,20,20,113,113,22,92,0,19082678,18441960,19066222,1489571,331768
60,0.229289,626068,20,21,112,112,22,93,0,19102159,18476092,19084662,1489772,331768
61,0.229683,620464,21,21,112,112,23,93,0,19107651,18487188,19090801,1489842,339658
62,0.229827,615893,21,21,112,112,23,92,0,19107850,18491958,19095448,1489899,339658
63,0.230168,609776,21,22,111,111,23,93,0,19120430,18510655,19103997,1489988,339658
64,0.230526,599420,22,23,110,110,24,94,0,19130975,18531556,19115441,1490140,346709
65,0.230823,596579,23,23,110,110,24,94,0,19131456,18534878,19118212,1490171,354035
66,0.231261,586860,23,23,110,110,24,95,0,19150011,18563152,19129752,1490323,354035
67,0.231479,578736,23,23,110,110,25,95,0,19152857,18574122,19137973,1490402,354035
68,0.23164,572918,23,23,110,110,25,95,0,19152857,18579940,19143835,1490466,354035
69,0.231873,566416,23,24,109,109,25,95,0,19164470,18598055,19150396,1490536,354035
70,0.232208,563137,24,24,109,109,26,96,0,19171055,18607919,19153487,1490577,361159
71,0.232443,560500,24,24,109,109,26,96,0,19171683,18611184,19156267,1490608,361159
72,0.232939,547865,24,24,109,109,26,97,0,19186573,18638709,19168245,1490740,361159
73,0.233271,538763,24,25,108,108,27,97,0,19189090,18650328,19177438,1490832,361159
74,0.233419,537208,25,25,108,108,27,97,0,19189175,18651968,19178988,1490844,367948
75,0.233728,530429,25,26,107,107,27,97,0,19198899,18668471,19184827,1490901,367948
76,0.234049,522783,26,26,107,107,28,98,0,19204709,18681927,19191875,1490981,374281
77,0.23422,521017,26,26,107,107,28,98,0,19205104,18684088,19193613,1490992,374281
78,0.234588,516434,26,27,106,106,28,99,0,19217321,18700888,19196733,1491022,374281
79,0.234946,508555,27,27,106,106,29,99,0,19220158,18711604,19204140,1491090,380388
80,0.235108,501248,27,27,106,106,29,98,0,19220158,18718911,19211494,1491163,380388
81,0.235343,492472,27,27,106,106,29,99,0,19230328,18737857,19218433,1491234,380388
82,0.235629,489221,27,28,105,105,30,99,0,19233013,18743793,19221142,1491267,380388
83,0.235753,488631,28,28,105,105,30,99,0,19233087,18744457,19221670,1491273,386132
84,0.236056,484656,28,28,105,105,30,100,0,19241844,18757189,19223813,1491292,386132
85,0.236338,477764,28,29,104,104,31,100,0,19246180,18768417,19229765,1491347,386132
86,0.236505,474922,29,29,104,104,31,100,0,19246307,18771386,19232611,1491374,391890
87,0.236759,467296,29,29,104,104,31,101,0,19254720,18787425,19237878,1491426,391890
88,0.237082,460421,29,29,104,104,32,101,0,19258533,18798113,19243804,1491481,391890
89,0.237249,456295,29,30,103,103,32,101,0,19258711,18802417,19247849,1491519,391890
90,0.237539,448873,30,30,103,103,32,102,0,19268921,18820049,19252143,1491558,396928
91,0.23786,443949,30,30,103,103,33,102,0,19270268,18826320,19256513,1491598,396928
92,0.238039,441222,30,30,103,103,33,102,0,19270402,18829181,19259182,1491633,396928
93,0.238331,432197,30,31,102,102,34,103,0,19280386,18848190,19264109,1491690,396928
94,0.238645,430075,31,32,101,101,34,103,0,19280909,18850835,19266075,1491700,402322
95,0.239048,417153,32,32,101,101,35,105,0,19290837,18873685,19274844,1491794,407500
96,0.239292,413722,32,32,101,101,35,104,0,19291324,18877603,19278130,1491826,407500
97,0.239632,400153,32,33,100,100,36,105,0,19300265,18900113,19287398,1491904,407500
98,0.239776,397269,33,33,100,100,36,105,0,19300792,18903524,19290073,1491930,412518
99,0.240026,389838,33,33,100,100,37,106,0,19308887,18919050,19293783,1491959,412518
100,0.240238,385389,33,34,99,99,37,106,0,19309603,18924215,19297847,1491987,412518
101,0.240585,378228,34,35,98,98,38,108,0,19318596,18940369,19300464,1492021,417295
102,0.240721,375872,35,35,98,98,38,107,0,19318756,18942885,19302711,1492045,421898
103,0.241033,364589,35,35,98,98,39,108,0,19325790,18961202,19309011,1492091,421898
104,0.241285,358748,35,35,98,98,39,108,0,19326529,18967782,19314365,1492135,421898
105,0.241677,344704,35,36,97,97,40,109,0,19334280,18989577,19323571,1492216,421898
106,0.241884,342476,36,37,96,96,40,109,0,19334402,18991927,19325728,1492237,426462
107,0.24214,333577,37,38,95,95,41,110,0,19341520,19007944,19329784,1492266,430738
108,0.242364,331689,38,38,95,95,41,110,0,19341802,19010114,19331564,1492286,435083
109,0.242687,324942,38,38,95,95,42,112,0,19348957,19024016,19333308,1492299,435083
110,0.242862,323552,38,38,95,95,42,111,0,19349187,19025636,19334550,1492306,435083
111,0.24322,311379,38,39,94,94,42,112,0,19355243,19043865,19342112,1492369,435083
112,0.243501,307945,39,39,94,94,43,112,0,19356188,19048244,19344882,1492395,439256
113,0.243677,305584,39,39,94,94,43,112,0,19356195,19050612,19347230,1492416,439256
114,0.243988,295086,39,39,94,94,44,113,0,19361734,19066649,19352688,1492461,439256
115,0.244212,289373,39,42,91,91,44,113,0,19362012,19072640,19358261,1492507,439256
116,0.24451,283602,42,42,91,91,45,114,0,19368301,19084700,19358619,1492511,451240
117,0.244628,282855,42,42,91,91,45,114,0,19368321,19085467,19359355,1492517,451240
118,0.244882,276757,42,42,91,91,46,115,0,19373963,19097207,19359822,1492518,451240
119,0.245135,274807,42,42,91,91,46,115,0,19374164,19099358,19361562,1492527,451240
120,0.24547,266641,42,42,91,91,47,116,0,19380063,19113423,19364136,1492548,451240
121,0.245604,261654,42,42,91,91,47,116,0,19380162,19118509,19369033,1492586,451240
122,0.245897,253154,42,43,90,90,48,117,0,19385148,19131995,19371301,1492603,451240
123,0.246104,250721,43,43,90,90,48,117,0,19385440,19134720,19373474,1492622,455062
124,0.246393,240044,43,43,90,90,49,118,0,19390715,19150672,19378200,1492657,455062
125,0.246573,239220,43,43,90,90,49,118,0,19390878,19151659,19378772,1492662,455062
126,0.24684,228771,43,44,89,89,50,119,0,19395543,19166773,19383042,1492684,455062
127,0.247068,225561,44,44,89,89,50,119,0,19395718,19170158,19386017,1492715,458455
128,0.24741,215316,44,46,87,87,51,120,0,19400413,19185098,19390175,1492745,458455
129,0.247557,210524,46,46,87,87,51,119,0,19400551,19190028,19394859,1492786,465569
130,0.247809,203456,46,46,87,87,52,121,0,19404763,19201308,19396532,1492796,465569
131,0.24803,202037,46,46,87,87,52,121,0,19404914,19202878,19397675,1492803,465569
132,0.248397,192142,46,47,86,86,53,122,0,19409240,19217099,19401419,1492828,465569
133,0.248538,189322,47,50,83,83,53,121,0,19409396,19220075,19404118,1492844,469103
134,0.24882,181691,50,50,83,83,54,123,0,19413636,19231946,19405667,1492861,478929
135,0.248961,177959,50,50,83,83,54,122,0,19413778,19235820,19409191,1492885,478929
136,0.249203,171100,50,50,83,83,55,124,0,19417748,19246649,19409897,1492889,478929
137,0.249341,170371,50,50,83,83,55,124,0,19417851,19247481,19410413,1492893,478929
138,0.249563,162860,50,50,83,83,56,125,0,19421581,19258722,19411773,1492900,478929
139,0.249795,160197,50,50,83,83,56,125,0,19421761,19261565,19414135,1492923,478929
140,0.250066,153139,50,50,83,83,57,126,0,19425473,19272335,19414714,1492927,478929
141,0.250219,151886,50,50,83,83,57,126,0,19425487,19273602,19415956,1492934,478929
142,0.250478,143129,50,50,83,83,57,127,0,19428956,19285828,19418941,1492965,478929
143,0.250701,141921,50,50,83,83,58,127,0,19429192,19287272,19419657,1492971,478929
144,0.250811,140720,50,50,83,83,58,127,0,19429192,19288473,19420861,1492979,478929
145,0.25105,132256,50,52,81,81,58,128,0,19432083,19299828,19424361,1493001,478929
146,0.251383,130253,52,52,81,81,59,128,0,19432403,19302151,19425686,1493011,485071
147,0.251522,126753,52,52,81,81,59,127,0,19432403,19305651,19429201,1493035,485071
148,0.251776,120504,52,52,81,81,60,129,0,19435819,19315316,19429675,1493039,485071
149,0.251955,119534,52,52,81,81,60,129,0,19435920,19316387,19430436,1493042,485071
150,0.252293,112202,52,52,82,82,61,130,0,19439150,19326949,19431603,1493049,485071
151,0.252413,109528,52,57,76,76,61,130,0,19439190,19329663,19434209,1493068,485071
152,0.252671,103068,57,57,78,78,61,132,0,19442252,19339185,19434715,1493073,499595
153,0.25293,101636,57,57,78,78,62,131,0,19442393,19340758,19435913,1493082,499595
154,0.253073,100149,57,57,78,78,62,131,0,19442393,19342245,19437405,1493091,499595
155,0.253331,93051,57,57,78,78,63,132,0,19445469,19352419,19438733,1493104,499595
156,0.253463,91702,57,57,78,78,63,132,0,19445555,19353854,19439889,1493111,499595
157,0.253733,85024,57,57,80,80,63,133,0,19448658,19363635,19440896,1493115,499595
158,0.253969,82882,57,57,80,80,64,133,0,19448712,19365831,19442810,1493130,499595
159,0.254075,81663,57,57,80,80,64,133,0,19448712,19367050,19444031,1493136,499595
160,0.254337,75630,57,57,80,80,64,135,0,19451454,19375825,19444296,1493136,499595
161,0.2546,73882,57,57,80,80,65,134,0,19451551,19377670,19445878,1493145,499595
162,0.254711,70730,57,61,76,76,65,133,0,19451551,19380822,19449043,1493171,499595
163,0.254977,65107,61,61,78,78,66,135,0,19453987,19388881,19449377,1493173,510132
164,0.255112,63820,61,61,77,77,66,135,0,19454043,19390224,19450518,1493183,510132
165,0.255364,57455,61,61,78,78,66,137,0,19456648,19399194,19451485,1493192,510132
166,0.255595,55934,61,61,78,78,67,136,0,19456753,19400820,19452763,1493201,510132
167,0.255687,54868,61,61,78,78,67,136,0,19456753,19401886,19453832,1493208,510132
168,0.255934,49410,61,61,80,80,67,138,0,19459434,19410025,19453868,1493208,510132
169,0.256114,48509,61,61,80,80,68,138,0,19459522,19411014,19454617,1493216,510132
170,0.256257,47744,61,61,80,80,68,138,0,19459526,19411783,19455390,1493223,510132
171,0.256509,40083,61,66,76,76,68,139,0,19462148,19422066,19457490,1493234,510132
172,0.256701,39007,66,66,76,76,69,139,0,19462235,19423229,19458447,1493244,522373
173,0.25679,38296,66,66,76,76,69,139,0,19462235,19423940,19459158,1493245,522373
174,0.257046,32887,66,66,77,77,69,140,0,19464742,19431856,19459207,1493246,522373
175,0.257221,31793,66,66,77,77,70,140,0,19464808,19433016,19460122,1493250,522373
176,0.257336,31772,66,66,77,77,70,140,0,19464808,19433037,19460143,1493250,522373
177,0.257567,25509,66,66,77,77,70,141,0,19467095,19441587,19460945,1493255,522373
178,0.257781,23902,66,66,77,77,70,141,0,19467196,19443295,19462360,1493273,522373
179,0.257957,23072,66,66,77,77,71,141,0,19467196,19444125,19463193,1493281,522373
180,0.258095,21926,66,66,77,77,71,141,0,19467196,19445271,19464341,1493290,522373
181,0.258327,17342,66,66,79,79,71,143,0,19469590,19452249,19465250,1493294,522373
182,0.258546,16138,66,66,79,79,71,142,0,19469615,19453478,19466422,1493302,522373
183,0.258742,15486,66,66,78,78,72,142,0,19469615,19454130,19467077,1493305,522373
184,0.258888,14277,66,69,75,75,72,142,0,19469615,19455339,19468291,1493314,522373
185,0.259066,13262,69,69,76,76,73,144,0,19471787,19458526,19468448,1493314,529445
186,0.259264,12627,69,69,76,76,73,143,0,19471787,19459161,19469086,1493317,529445
187,0.259482,10711,69,69,77,77,73,145,0,19473912,19463202,19469907,1493330,529445
188,0.259631,9509,69,71,75,75,74,145,0,19473916,19464408,19471114,1493338,529445
189,0.259866,9258,71,71,75,75,74,145,0,19473916,19464659,19471366,1493340,533935
190,0.260081,7778,71,71,76,76,74,146,0,19476097,19468320,19471969,1493345,533935
191,0.260248,7387,71,71,76,76,74,146,0,19476106,19468720,19472359,1493348,533935
192,0.260435,7058,71,71,76,76,74,146,0,19476106,19469049,19472688,1493349,533935
193,0.260642,6066,71,71,76,76,74,146,0,19476106,19470041,19473682,1493359,533935
194,0.260803,5676,71,71,76,76,74,146,0,19476106,19470431,19474072,1493361,533935
195,0.260988,5354,71,71,76,76,74,146,0,19476106,19470753,19474396,1493364,533935
196,0.261143,4654,71,71,76,76,74,146,0,19476106,19471453,19475102,1493372,533935
197,0.261306,4511,71,71,76,76,74,145,0,19476106,19471596,19475245,1493373,533935
198,0.261476,3909,71,73,74,74,75,145,0,19476106,19472198,19475847,1493375,533935
199,0.261622,3909,73,73,74,74,75,145,0,19476106,19472198,19475847,1493375,538110
200,0.261806,3529,73,75,73,73,76,147,0,19477303,19473775,19476123,1493377,538110
201,0.261965,3244,75,75,73,73,76,147,0,19477303,19474060,19476408,1493377,542346
202,0.262134,3137,75,75,73,73,76,147,0,19477781,19474645,19476557,1493379,542346
203,0.262299,3077,75,75,73,73,76,147,0,19477781,19474705,19476617,1493379,542346
204,0.262463,2956,75,75,73,73,76,147,0,19477781,19474826,19476739,1493380,542346
205,0.262624,2914,75,75,73,73,76,147,0,19477781,19474868,19476781,1493380,542346
206,0.262799,2706,75,75,73,73,76,147,0,19477781,19475076,19476990,1493381,542346
207,0.262993,2565,75,76,72,72,76,147,0,19477781,19475217,19477131,1493381,542346
208,0.263156,2207,76,76,72,72,77,147,0,19477781,19475575,19477490,1493386,543488
209,0.263319,2173,76,76,72,72,77,147,0,19477781,19475609,19477524,1493386,543488
210,0.263491,2176,76,76,74,74,78,148,0,19478099,19475924,19477609,1493386,543488
211,0.263666,2152,76,76,74,74,78,148,0,19478099,19475948,19477633,1493386,543488
212,0.263831,2177,76,76,75,75,78,150,0,19478331,19476155,19477641,1493386,543488
213,0.263994,2079,76,76,75,75,78,150,0,19478331,19476253,19477739,1493386,543488
214,0.264152,2040,76,76,75,75,78,150,0,19478331,19476292,19477778,1493386,543488
215,0.264321,1980,76,76,75,75,78,150,0,19478331,19476352,19477838,1493386,543488
216,0.264524,1878,76,76,75,75,79,150,0,19478331,19476454,19477941,1493388,543488
217,0.264673,1668,76,78,71,73,79,150,0,19478331,19476664,19478151,1493388,543488
218,0.26487,1676,78,78,74,74,80,151,0,19478497,19476822,19478157,1493388,544299
219,0.265047,1625,78,78,74,74,80,151,0,19478497,19476873,19478208,1493388,544299
220,0.265223,1595,78,78,75,75,152,152,1,19478630,19477036,19478253,1493389,544299
221,0.265414,1541,78,78,75,75,152,152,1,19478630,19477090,19478308,1493390,544299
222,0.265587,1925,78,78,120,139,81,211,0,19480256,19478332,19478332,1493390,544299
223,0.265764,1646,78,78,120,139,81,211,0,19480259,19478614,19478614,1493392,544299
224,0.265947,1203,78,78,118,139,216,216,1,19480259,19479057,19479057,1493394,544299
225,0.266104,896,78,81,116,136,216,216,1,19480259,19479364,19479364,1493394,544299
226,0.266308,848,81,81,116,136,216,216,1,19480259,19479412,19479412,1493394,544807
227,0.266526,613,81,81,111,145,225,225,1,19480261,19479649,19479649,1493396,544807
228,0.266747,477,81,81,104,114,194,194,1,19480265,19479789,19479789,1493397,544807
229,0.266902,342,81,81,99,108,188,188,1,19480265,19479924,19479924,1493398,544807
230,0.26706,342,81,81,99,108,188,188,1,19480265,19479924,19479924,1493398,544807
231,0.267222,342,81,81,99,108,188,188,1,19480265,19479924,19479924,1493398,544807
232,0.267389,238,81,81,88,108,188,188,1,19480265,19480028,19480028,1493398,544807
233,0.267548,238,81,81,88,108,188,188,1,19480265,19480028,19480028,1493398,544807
234,0.267705,238,81,81,88,108,188,188,1,19480265,19480028,19480028,1493398,544807
235,0.267858,238,81,81,88,108,188,188,1,19480265,19480028,19480028,1493398,544807
236,0.268023,128,81,83,62,106,188,188,1,19480265,19480138,19480138,1493398,544807
237,0.26818,0,83,83,0,0,2047,2047,1,19480265,19480266,19480266,1493398,545049
238,0.268382,0,83,-1,0,0,-1,-1,0,19480265,19480266,19480266,1493398,545049
