nodes,workers,graph,variant,runs,seconds_median,reductions_median,updates_noted_median,distance_changes_median,rejected_median,tram_bytes_median,tram_messages_median,bucket_scale_median,coarsenings_median,read_seconds_median
1,16,mesh20,control,16,0.35051200000000005,3673.0,5017809.5,1664939.5,3761608.0,120875932.0,29302.0,44.0,2.0,0.0
1,16,mesh20,current,16,0.35144,3545.5,5102074.5,1694615.5,3824960.0,122821716.0,28872.0,44.0,2.0,0.0
1,16,mesh20,old-fixed,16,0.6192385,5507.5,24363513.5,6922490.5,18264754.5,584990700.0,15945.5,1.0,0.0,0.0
1,16,mesh20,open,16,0.4222945,1147.5,25370453.0,7209133.5,19020567.0,609178880.0,18002.0,176.0,4.0,0.0
1,16,mesh20,tuned-fixed,16,0.30623449999999997,3128.0,5675018.0,1849056.0,4254626.5,136530128.0,21529.5,1.0,0.0,0.0
1,16,mesh22,control,16,0.9834745,7917.0,18199708.5,6162939.5,13647340.0,437882060.0,60775.5,24.0,1.0,0.0
1,16,mesh22,current,16,0.948957,7706.0,18130220.5,6135359.0,13595002.5,436203012.0,60973.5,30.0,2.0,0.0
1,16,mesh22,old-fixed,16,1.213047,6070.5,59031908.5,17442042.0,44264110.0,1417286524.0,32546.5,1.0,0.0,0.0
1,16,mesh22,open,16,1.0352505,1397.5,56657002.0,16784968.5,42484325.5,1360273272.0,32249.5,376.0,5.0,0.0
1,16,mesh22,tuned-fixed,16,0.9004095000000001,5852.0,20768990.0,6874556.5,15573996.0,499174848.0,45456.5,1.0,0.0,0.0
1,16,rmat20,control,16,0.2676585,95.0,35021643.0,1904618.5,34372006.5,840796576.0,17343.5,8.0,1.0,0.0
1,16,rmat20,current,16,0.273395,91.5,35209503.0,1933647.0,34560356.0,845306808.0,17422.5,8.0,1.0,0.0
1,16,rmat20,old-fixed,16,0.27805599999999997,292.0,34736027.0,1910834.5,34088286.5,833951672.0,17941.0,1.0,0.0,0.0
1,16,rmat20,open,16,0.283795,49.5,35381789.5,1966337.0,34727698.5,849441612.0,17418.0,11.0,1.0,0.0
1,16,rmat20,tuned-fixed,16,0.275979,54.0,35202447.5,1952100.5,34550544.0,845139748.0,17591.5,1.0,0.0,0.0
1,16,rmat20-s2,control,16,0.2876485,91.0,35632357.0,1898991.5,34983903.5,855458552.0,17669.5,9.0,1.0,0.0
1,16,rmat20-s2,current,16,0.274519,95.0,35388294.0,1897921.5,34739536.0,849600016.0,17561.5,8.0,1.0,0.0
1,16,rmat20-s2,old-fixed,16,0.29941249999999997,308.0,36013563.0,2002674.5,35365754.5,864622672.0,18613.0,1.0,0.0,0.0
1,16,rmat20-s2,open,16,0.2852205,49.5,35590185.0,1873062.5,34935624.5,854444952.0,17533.5,9.0,1.0,0.0
1,16,rmat20-s2,tuned-fixed,16,0.295699,279.5,35594260.0,1922743.0,34946573.5,854586520.0,20478.0,1.0,0.0,0.0
1,16,rmat22,control,16,1.058936,158.5,132522480.0,6432144.0,130120161.5,3181582320.0,65195.5,8.0,1.0,0.0
1,16,rmat22,current,16,1.069161,156.0,131809322.5,6356209.5,129408705.0,3164460108.0,64774.5,7.5,1.0,0.0
1,16,rmat22,old-fixed,16,1.0746455,405.0,132210615.5,6380595.5,129809100.5,3174102068.0,65523.0,1.0,0.0,0.0
1,16,rmat22,open,16,1.068411,85.5,133112032.5,6404078.5,130691434.0,3195732108.0,65209.5,7.5,1.0,0.0
1,16,rmat22,tuned-fixed,16,1.0895945,417.0,132110719.0,6347531.5,129713694.5,3171778008.0,69436.5,1.0,0.0,0.0
1,16,road-ny,control,16,0.18787949999999998,450.5,12208066.0,4704747.0,7807370.5,293259408.0,16523.5,1.0,0.0,0.0
1,16,road-ny,current,16,0.187729,429.0,12260618.5,4750806.0,7810030.5,294521988.0,16269.5,1.0,0.0,0.0
1,16,road-ny,old-fixed,16,0.41459749999999995,3242.5,8703664.5,3330740.0,5558780.5,209007284.0,7178.0,1.0,0.0,0.0
1,16,road-ny,open,16,0.191569,451.0,12014594.0,4663879.0,7634092.5,288603032.0,15800.0,1.0,0.0,0.0
1,16,road-ny,tuned-fixed,16,0.12516649999999999,1301.0,2485510.5,960345.5,1604068.0,59789620.0,8109.5,1.0,0.0,0.0
1,16,uniform20,control,16,0.2892045,108.0,33718173.0,3270237.5,32664121.5,809502040.0,16644.5,10.5,1.0,0.0
1,16,uniform20,current,16,0.292165,104.5,33727109.5,3272881.5,32672604.0,809716636.0,16641.0,11.0,1.0,0.0
1,16,uniform20,old-fixed,16,0.2905145,463.0,33563155.0,3242294.5,32513581.0,805785536.0,16884.5,1.0,0.0,0.0
1,16,uniform20,open,16,0.2853115,57.5,33827084.5,3273920.0,32769272.0,812116004.0,16628.0,10.0,1.0,0.0
1,16,uniform20,tuned-fixed,16,0.2891455,69.5,33861097.5,3283156.0,32802161.0,812936932.0,16886.0,1.0,0.0,0.0
1,16,uniform20-s2,control,16,0.28641700000000003,108.5,33794384.5,3289503.5,32739373.0,811332116.0,16676.5,10.0,1.0,0.0
1,16,uniform20-s2,current,16,0.2832455,108.0,33767200.0,3281640.0,32713017.0,810679496.0,16672.0,10.0,1.0,0.0
1,16,uniform20-s2,old-fixed,16,0.2872065,446.0,33607151.5,3241095.0,32557544.5,806841876.0,16894.0,1.0,0.0,0.0
1,16,uniform20-s2,open,16,0.2914825,56.5,33875820.0,3293407.5,32817873.0,813285936.0,16642.5,11.0,1.0,0.0
1,16,uniform20-s2,tuned-fixed,16,0.2842295,461.5,33607182.0,3245121.0,32557579.5,806842664.0,16896.5,1.0,0.0,0.0
1,16,youtube,control,16,0.16577999999999998,294.0,7592278.5,1992906.5,6419112.0,182290380.0,5168.0,9.0,1.0,0.0
1,16,youtube,current,16,0.176913,289.5,7831819.0,2084782.0,6650884.0,188032312.0,4477.0,9.5,1.0,0.0
1,16,youtube,old-fixed,16,0.17975,737.0,7275432.5,1948449.0,6111578.0,174691044.0,5164.0,1.0,0.0,0.0
1,16,youtube,open,16,0.1567715,83.0,7849612.0,2092707.5,6651748.5,188455952.0,4072.0,9.5,1.0,0.0
1,16,youtube,tuned-fixed,16,0.192843,686.0,7354668.0,2010550.5,6197944.5,176631328.0,7974.0,1.0,0.0,0.0
1,64,mesh22,control,16,2.414358,726.0,328146886.5,90943086.5,246073579.0,7878353932.0,178658.5,1.0,0.0,0.0
1,64,mesh22,current,16,2.4560625,797.5,318403328.5,88189461.5,238766165.5,7644480548.0,174497.0,1.0,0.0,0.0
1,64,mesh22,old-fixed,16,2.493029,3812.0,188341314.5,51309270.0,141228596.5,4521798332.0,101077.5,1.0,0.0,0.0
1,64,mesh22,open,16,2.397103,790.5,328167023.0,91150639.5,246086785.5,7878797568.0,175764.5,1.0,0.0,0.0
1,64,mesh22,tuned-fixed,16,1.8343505,1594.5,199044092.5,54544001.5,149253669.5,4778893036.0,118865.0,1.0,0.0,0.0
1,64,rmat22,control,16,0.9662094999999999,63.0,152804957.5,7176689.0,150359516.5,3668581508.0,77595.5,8.0,1.0,0.0
1,64,rmat22,current,16,0.8358749999999999,63.0,149015805.5,7018803.5,146570891.0,3577555812.0,76702.5,8.0,1.0,0.0
1,64,rmat22,old-fixed,16,0.9478965,183.0,151138424.0,7301400.5,148685013.5,3628527608.0,75679.5,1.0,0.0,0.0
1,64,rmat22,open,16,0.954644,39.5,151022394.5,7347679.0,148540380.0,3625752268.0,76910.0,10.0,1.0,0.0
1,64,rmat22,tuned-fixed,16,0.8741509999999999,44.5,152800698.0,7807823.0,150274365.5,3668432856.0,76008.0,1.0,0.0,0.0
1,64,road-ny,control,16,0.6106609999999999,235.0,28934282.0,11171966.5,18470847.0,695150488.0,53034.0,1.0,0.0,0.0
1,64,road-ny,current,16,0.602318,241.0,29011399.5,11353581.5,18385252.0,697153612.0,51017.5,1.0,0.0,0.0
1,64,road-ny,old-fixed,16,1.915074,3920.0,17486389.0,6593956.0,11224531.0,420033960.0,22294.5,1.0,0.0,0.0
1,64,road-ny,open,16,0.6034665,230.0,29186994.5,11307688.5,18580203.0,701325268.0,51211.5,1.0,0.0,0.0
1,64,road-ny,tuned-fixed,16,0.5522724999999999,751.0,18671523.5,7211297.0,11808062.5,448466396.0,21709.0,1.0,0.0,0.0
1,64,youtube,control,16,0.136227,107.5,12634816.5,2953582.5,11123489.5,303365172.0,8972.5,8.5,1.0,0.0
1,64,youtube,current,16,0.1304905,110.5,11856731.0,2786188.0,10407324.0,284680464.0,7653.0,9.0,1.0,0.0
1,64,youtube,old-fixed,16,0.27461250000000004,364.0,13118442.0,3419466.5,11609638.5,314978608.0,8676.5,1.0,0.0,0.0
1,64,youtube,open,16,0.0937855,36.5,12700295.5,2852786.0,11198702.0,304924444.0,7638.5,13.0,2.0,0.0
1,64,youtube,tuned-fixed,16,0.1130485,69.0,11699503.0,2972047.0,10246940.5,280892176.0,6890.5,1.0,0.0,0.0
1,120,mesh22,control,16,5.746569,284.5,585838877.5,160989663.5,439298328.0,14065267172.0,319282.0,1.0,0.0,0.0
1,120,mesh22,current,16,5.392469999999999,313.0,543369094.0,149799010.5,407455836.5,13045696424.0,302387.0,1.0,0.0,0.0
1,120,mesh22,old-fixed,16,8.011481999999999,3846.5,441084591.0,118006562.0,330757425.0,10589756824.0,232916.5,1.0,0.0,0.0
1,120,mesh22,open,16,5.4380965,302.0,561569594.5,155593090.5,421114084.5,13482573100.0,306428.5,1.0,0.0,0.0
1,120,mesh22,tuned-fixed,16,4.653465499999999,837.0,445921463.5,119103902.5,334382010.5,10705914044.0,237434.0,1.0,0.0,0.0
1,120,rmat22,control,16,5.5648415,71.5,258801942.0,10477569.0,254795305.5,6219339120.0,346882.5,7.0,1.0,0.0
1,120,rmat22,current,16,5.1026655000000005,72.5,245931464.5,10086395.5,242393766.5,5907732148.0,327311.0,7.0,1.0,0.0
1,120,rmat22,old-fixed,16,2.5439645,176.0,267769865.0,10602099.5,263798177.5,6428625232.0,134281.0,1.0,0.0,0.0
1,120,rmat22,open,16,4.9742045,34.0,232880181.5,9469531.5,229036517.5,5596692348.0,327933.0,9.5,1.0,0.0
1,120,rmat22,tuned-fixed,12,2.4009345,185.5,244531605.5,9552091.5,241554207.0,5870788972.0,130016.5,1.0,0.0,0.0
2,16,mesh20,control,16,0.389487,2005.5,7926591.5,2471637.0,5942468.0,190886284.0,40952.0,62.0,2.5,0.0
2,16,mesh20,current,15,0.354828,2076.0,8543318.0,2644352.0,6404994.0,205779208.0,42172.0,44,2,0.0
2,16,mesh20,old-fixed,16,0.763908,4297.0,49984753.5,13780465.0,37475492.5,1200133228.0,30686.0,1.0,0.0,0.0
2,16,mesh20,open,16,0.495928,685.5,63136395.0,17578969.0,47336975.5,1515993264.0,43702.0,1.0,0.0,0.0
2,16,mesh20,tuned-fixed,16,0.3711195,2700.5,6469844.5,2068533.5,4850372.0,155781492.0,38319.5,1.0,0.0,0.0
2,16,mesh22,control,16,0.9227110000000001,6182.0,20205591.0,6689103.5,15150696.5,486580664.0,102677.5,41.0,2.0,0.0
2,16,mesh22,current,16,0.868125,5605.5,20523725.5,6782882.5,15389446.0,494300364.0,101848.0,38.0,2.0,0.0
2,16,mesh22,old-fixed,16,1.3392215,4148.5,104096874.5,29453643.0,78057553.5,2499223732.0,56173.0,1.0,0.0,0.0
2,16,mesh22,open,16,1.055044,1324.0,106742549.5,30119633.0,80042067.0,2563032356.0,73061.0,368.0,5.0,0.0
2,16,mesh22,tuned-fixed,16,0.85582,5313.5,22455540.0,7329756.0,16838547.0,540263936.0,83205.5,1.0,0.0,0.0
2,16,rmat20,control,16,0.1725755,74.5,40242753.5,2211878.0,39590016.0,966153572.0,20469.5,10.0,1.0,0.0
2,16,rmat20,current,16,0.17153600000000002,70.5,39962562.5,2149024.5,39308904.0,959431572.0,20567.5,9.5,1.0,0.0
2,16,rmat20,old-fixed,16,0.1875755,214.0,40154640.5,2115779.0,39502722.0,964065724.0,22522.0,1.0,0.0,0.0
2,16,rmat20,open,16,0.1704635,37.0,40508320.0,2188489.0,39850330.5,972523048.0,20230.0,10.0,1.0,0.0
2,16,rmat20,tuned-fixed,16,0.1636935,61.5,40005738.0,2231778.0,39348358.5,960457976.0,19971.5,1.0,0.0,0.0
2,16,rmat20-s2,control,16,0.1778555,69.0,40785381.0,2151081.5,40131168.5,979183936.0,20810.5,9.0,1.0,0.0
2,16,rmat20-s2,current,16,0.1807005,65.0,40567860.5,2189745.5,39910725.5,973957300.0,20577.5,9.0,1.0,0.0
2,16,rmat20-s2,old-fixed,16,0.195473,227.0,41007097.5,2229656.5,40355248.0,984542204.0,23243.0,1.0,0.0,0.0
2,16,rmat20-s2,open,16,0.17825,36.5,41638205.5,2193043.5,40978893.0,999650020.0,20819.5,8.5,1.0,0.0
2,16,rmat20-s2,tuned-fixed,16,0.1781215,40.5,42565761.0,2214353.5,41909479.0,1021925952.0,21732.0,1.0,0.0,0.0
2,16,rmat22,control,16,0.621893,110.0,136525889.5,6661834.0,134118113.0,3277704516.0,68059.0,7.5,1.0,0.0
2,16,rmat22,current,16,0.6228214999999999,113.0,139741671.5,6807229.5,137333653.0,3354911204.0,69444.5,7.5,1.0,0.0
2,16,rmat22,old-fixed,16,0.662447,314.0,138177037.5,6646184.5,135778058.5,3317407636.0,71890.0,1.0,0.0,0.0
2,16,rmat22,open,16,0.6339539999999999,64.0,139306669.0,6989295.5,136890002.5,3344457304.0,68613.0,8.5,1.0,0.0
2,16,rmat22,tuned-fixed,16,0.6319980000000001,67.5,140360529.5,6960749.5,137944196.5,3369783556.0,70679.5,1.0,0.0,0.0
2,16,road-ny,control,16,0.216208,336.0,19804338.5,7707238.5,12619485.0,475869748.0,36193.0,1.0,0.0,0.0
2,16,road-ny,current,16,0.22061199999999997,346.5,19498317.0,7620285.5,12387999.5,468574920.0,36239.5,1.0,0.0,0.0
2,16,road-ny,old-fixed,16,0.576149,3827.5,12435646.0,4718101.0,7940377.5,298696504.0,14410.5,1.0,0.0,0.0
2,16,road-ny,open,16,0.2172595,339.5,19719595.0,7659135.5,12581463.5,473866320.0,36690.0,1.0,0.0,0.0
2,16,road-ny,tuned-fixed,16,0.14291949999999998,1163.0,3048606.5,1177497.5,1967421.5,73370268.0,12593.5,1.0,0.0,0.0
2,16,uniform20,control,16,0.16466599999999998,79.5,34254655.5,3501415.0,33185380.5,822401284.0,17329.5,10.0,1.0,0.0
2,16,uniform20,current,16,0.1634425,77.0,34150087.5,3459250.0,33083811.5,819888144.0,17241.5,10.0,1.0,0.0
2,16,uniform20,old-fixed,16,0.18432500000000002,402.0,33590003.0,3263665.0,32539672.0,806449992.0,18005.0,1.0,0.0,0.0
2,16,uniform20,open,16,0.1661805,40.0,34395826.5,3499252.5,33321317.0,825775228.0,17196.5,10.0,1.0,0.0
2,16,uniform20,tuned-fixed,16,0.16650399999999999,51.0,34324847.0,3513435.5,33252276.5,824081664.0,17788.0,1.0,0.0,0.0
2,16,uniform20-s2,control,16,0.167438,80.5,34309255.0,3533466.5,33239730.0,823705272.0,17387.0,10.0,1.0,0.0
2,16,uniform20-s2,current,16,0.167711,78.5,34396143.0,3509804.0,33323928.5,825785344.0,17421.0,10.0,1.0,0.0
2,16,uniform20-s2,old-fixed,16,0.18517850000000002,400.0,33646369.5,3279008.0,32595646.5,807801732.0,18019.5,1.0,0.0,0.0
2,16,uniform20-s2,open,16,0.16749750000000002,40.5,34587455.0,3552761.5,33508850.0,830375408.0,17282.0,10.0,1.0,0.0
2,16,uniform20-s2,tuned-fixed,16,0.168305,64.5,34500013.0,3577218.0,33424044.0,828275288.0,17172.0,1.0,0.0,0.0
2,16,youtube,control,16,0.118518,202.0,9388121.0,2437753.0,8156785.5,225523728.0,6504.0,9.5,1.0,0.0
2,16,youtube,current,16,0.12319450000000001,220.0,9299456.0,2380752.5,8037132.5,223307656.0,6902.5,8.0,1.0,0.0
2,16,youtube,old-fixed,16,0.132718,577.5,8758470.5,2323169.0,7560083.5,210333252.0,8521.0,1.0,0.0,0.0
2,16,youtube,open,16,0.1033635,64.0,9758132.0,2625692.5,8470521.5,234284120.0,5573.0,12.5,1.0,0.0
2,16,youtube,tuned-fixed,16,0.112571,103.5,9515463.0,2512947.5,8229461.0,228478416.0,6643.0,1.0,0.0,0.0
4,16,mesh22,control,16,1.1131665,814.0,278983691.0,78506144.5,209205292.0,6698646136.0,180950.5,1.0,0.0,0.0
4,16,mesh22,current,16,1.0781044999999998,825.5,279810571.5,79370100.0,209825158.0,6718286900.0,176678.0,1.0,0.0,0.0
4,16,mesh22,old-fixed,16,1.2906870000000001,4585.5,195628525.0,53386256.5,146695332.5,4696807880.0,108191.5,1.0,0.0,0.0
4,16,mesh22,open,16,1.07804,798.5,281320964.5,79640467.5,210960757.0,6754444932.0,176540.0,1.0,0.0,0.0
4,16,mesh22,tuned-fixed,16,0.7762370000000001,4929.0,25413677.0,8135442.5,19056240.5,612187304.0,152223.0,1.0,0.0,0.0
4,16,rmat22,control,16,0.34070500000000004,77.0,150570565.5,7415411.0,148155331.5,3614935644.0,77878.5,8.5,1.0,0.0
4,16,rmat22,current,16,0.335425,77.5,153099800.5,7621777.0,150685946.0,3675661724.0,78670.0,8.0,1.0,0.0
4,16,rmat22,old-fixed,16,0.3802225,255.5,149463587.5,7218541.0,147059146.5,3588506036.0,85858.0,1.0,0.0,0.0
4,16,rmat22,open,16,0.3459575,46.0,151434854.5,7602596.5,149016432.5,3635659340.0,76093.5,9.5,1.0,0.0
4,16,rmat22,tuned-fixed,16,0.3350495,51.5,152941937.0,7721591.5,150518990.0,3671893848.0,79905.5,1.0,0.0,0.0
8,16,mesh22,control,16,0.9394039999999999,884.0,519510375.0,145271360.5,389576016.5,12473703024.0,354647.5,1.0,0.0,0.0
8,16,mesh22,current,16,0.929146,748.5,537890137.5,149763631.5,403356541.5,12915487860.0,365636.0,1.0,0.0,0.0
8,16,mesh22,old-fixed,16,1.6148865,5660.5,393643430.0,106393152.0,295175154.5,9451070536.0,226765.0,1.0,0.0,0.0
8,16,mesh22,open,16,0.94414,862.0,535567568.5,150929757.5,401616926.0,12859342500.0,369362.0,1.0,0.0,0.0
8,16,mesh22,tuned-fixed,16,0.7409764999999999,3955.5,37542919.0,11487736.0,28151630.5,904281688.0,251520.0,1.0,0.0,0.0
8,16,rmat22,control,16,0.21553850000000002,68.0,182480651.5,8837914.0,180048606.0,4381244148.0,105188.0,9.0,1.0,0.0
8,16,rmat22,current,16,0.20791500000000002,66.0,178388788.5,8806041.0,175956122.0,4282992244.0,101793.0,8.5,1.0,0.0
8,16,rmat22,old-fixed,16,0.2275645,213.0,175516100.5,8327956.5,173095453.0,4214364476.0,127347.5,1.0,0.0,0.0
8,16,rmat22,open,16,0.202066,39.0,178347645.5,8423543.5,175888604.5,4281908932.0,97819.0,7.5,1.0,0.0
8,16,rmat22,tuned-fixed,16,0.21248250000000002,41.0,183035467.5,9285221.5,180591932.0,4394491572.0,105922.5,1.0,0.0,0.0
16,16,mesh22,control,16,0.895015,759.0,1001837060.0,278063285.5,751260665.0,24055570336.0,707116.0,1.0,0.0,0.0
16,16,mesh22,current,16,0.885042,723.5,1000323832.0,279421830.0,750138153.5,24018752744.0,714349.0,1.0,0.0,0.0
16,16,mesh22,old-fixed,16,2.213603,6654.0,710548431.5,192995636.0,532813157.0,17060155356.0,437064.0,1.0,0.0,0.0
16,16,mesh22,open,16,0.9113125,725.0,1002503008.0,279272463.5,751770300.0,24071042048.0,705614.0,1.0,0.0,0.0
16,16,mesh22,tuned-fixed,16,0.9627384999999999,3788.5,61201037.5,18217517.5,45889637.0,1477529364.0,457223.5,1.0,0.0,0.0
16,16,rmat22,control,16,0.1526225,52.5,233329718.0,10041298.5,230804979.5,5603129920.0,201044.5,8.5,1.0,0.0
16,16,rmat22,current,16,0.1650345,49.0,233731966.5,9947771.0,231215902.0,5612863884.0,204749.5,8.0,1.0,0.0
16,16,rmat22,old-fixed,16,0.20418950000000002,182.0,223125158.0,9567519.0,220644159.0,5358446616.0,227134.0,1.0,0.0,0.0
16,16,rmat22,open,16,0.1411595,27.5,234832580.0,10043866.5,232274583.0,5638339544.0,157621.5,9.0,1.0,0.0
16,16,rmat22,tuned-fixed,16,0.1445305,31.0,235756260.5,10432473.0,233192803.0,5660605572.0,159401.5,1.0,0.0,0.0
