nodes,workers,graph,sources,failed_variants,current,old-fixed,tuned-fixed,open,riken,gap,riken_ratio,riken_ci_low,riken_ci_high,gap_ratio,gap_ci_low,gap_ci_high,control_ratio,control_ci_low,control_ci_high,tuned-fixed_ratio,tuned-fixed_ci_low,tuned-fixed_ci_high,old-fixed_ratio,old-fixed_ci_low,old-fixed_ci_high,open_ratio,open_ci_low,open_ci_high
1,16,mesh20,8,,0.34327830332637854,0.6201712183575937,0.3173204334999209,0.4092737357171782,1.9572075643970546,0.025062409565783768,5.701518404838425,5.078176594473024,6.23941633979073,0.07300901141414465,0.06941285226633326,0.07716351991946183,1.0288752136907777,0.9931031414753108,1.067240331193302,0.924382433801015,0.8950283877546604,0.9576798439956731,1.8066135038192432,1.7145028796071906,1.882314040780703,1.1922505202085352,1.1216584529764315,1.2805861618060483
1,16,mesh22,8,,0.9743977402123408,1.259707433052906,0.9164389961792233,1.030737340857012,9.972150741315975,0.08918061075391867,10.234168584117247,8.891940104104878,11.884258503660563,0.0915238275639724,0.08262540111339102,0.10035564833183604,0.9968770842777679,0.9608622973866121,1.034166406383284,0.9405183923964283,0.920366453465136,0.9636627649974739,1.292806193062794,1.1755639350775478,1.433585549174144,1.0578199212904513,1.0027301915555586,1.133264473273964
1,16,rmat20,8,,0.27118226924857747,0.2825196377797872,0.27575622300333863,0.2871634857431854,0.055714896488200154,0.07302550220328705,0.20545184109042705,0.1985100003088508,0.21217157508139636,0.26928568156625565,0.2534856963811732,0.2855363429938336,0.9982652800617008,0.9616650694652611,1.0437406673115117,1.0168667139169356,0.9917624571150155,1.0464368360433274,1.0418071895431238,0.9941133018057257,1.0979957660617894,1.0589316423189852,1.0011924016566884,1.137669736845088
1,16,rmat20-s2,8,,0.27812388625647416,0.2950450184303411,0.3007027116587548,0.28259354509679674,0.056767807155780774,0.07715183721817934,0.20410978690061843,0.19051172971975636,0.22073325272737915,0.27740097499944016,0.2542984409737322,0.2988666917548299,1.031055609665546,0.9966038591056073,1.0615978862167132,1.0811826186746842,1.029482397520591,1.1320462416439951,1.0608402694267796,0.9936864497764849,1.129044080472214,1.016070747825668,0.9904854765964781,1.0442708119938173
1,16,rmat22,8,,1.0753655809699456,1.0634380303259696,1.1057542440084867,1.0764456898796324,0.2041268780759732,0.21674253645968022,0.18982091456921774,0.18408071650898886,0.19456859616185346,0.20155242114424507,0.19326463387480722,0.20962120329108322,0.9938473861576735,0.9560849385473361,1.0301113843405385,1.028258913597673,1.0104541168642387,1.0482319850196173,0.9889083760396927,0.9591431145159942,1.0213512911446212,1.0010044108987686,0.9567823506813681,1.0512907403531984
1,16,road-ny,8,,0.1882979324843838,0.4108543030989042,0.1254306196960701,0.18808167475863366,0.10520901516462894,0.006122657127269683,0.5587369642168232,0.5281146265993604,0.5905007577002815,0.032515795826794106,0.02996228839298572,0.035101001892342824,0.9926527666107801,0.9341479681202112,1.050190737722256,0.666128502002923,0.6331895114425886,0.7045711452637327,2.181937409923382,1.971392728518698,2.4314608641097393,0.9988515130097456,0.9538836806765973,1.046067971860612
1,16,uniform20,8,,0.29500753646790195,0.2894257193516254,0.2873656003949715,0.28768902508952665,0.11921432732035743,0.06428217123490815,0.40410603995985866,0.3908734933888528,0.41671087625868963,0.21790009843325586,0.20114472924170684,0.23248744477934496,0.9824387464764173,0.9454980966689652,1.0178951650581445,0.9740957937399611,0.9382533592468234,1.0090274864670723,0.9810790694261334,0.9501806539498544,1.0199363136385093,0.9751921206285128,0.943187183650614,1.002720763212532
1,16,uniform20-s2,8,,0.2890843564198845,0.29387748767213046,0.28750081926436866,0.2905752972169938,0.12269453750111732,0.06697603066902114,0.42442468703809066,0.4169438136704279,0.4321960003281718,0.2316833449532665,0.22102460854695624,0.2422711031716058,0.9905207718308003,0.9702993199056782,1.0117746078549357,0.9945222315896756,0.9644962257832517,1.0287894827347235,1.0165803895845686,0.9769390515422307,1.0611743844916195,1.005157459281345,0.9920910024365212,1.0237637062616542
1,16,youtube,8,,0.17308307870945275,0.17988321821611855,0.1844013894391736,0.16140428567214923,0.054808267152165496,0.024285192373821245,0.31665872574504994,0.3016805912704012,0.33165803931712273,0.14030945459774127,0.13435396657457435,0.1466051797202314,1.0205882701686138,0.9744928845375572,1.088532535555391,1.065392358479597,1.015797370205539,1.1103685078852852,1.0392882976046487,0.9807599123934461,1.099407739277052,0.9325249289278693,0.8965645697184916,0.9675780918597404
1,64,mesh22,8,,2.4733560160457366,2.5406841657236754,1.823796712984861,2.4481768972933873,6.474644932479589,0.05298191408792257,2.6177569627970056,2.1702838458685587,3.1072136683509757,0.02142106261460374,0.01874102308053062,0.02428069884468554,0.9999993902583585,0.9745464784758867,1.0256298055717756,0.7373773533422193,0.6303569200210823,0.8452227174590553,1.027221374214287,0.8730107179148807,1.1795883401140874,0.9898198566688333,0.9509206179773265,1.031532696054567
1,64,rmat22,8,,0.9500385834452673,1.0056953363908328,0.953433239743686,1.0456419386210343,0.17325436356252058,0.18302663058222624,0.1823656076516622,0.16293762838881554,0.20102259801093605,0.19265178675005953,0.16738505200321724,0.21842422859172925,1.2180752459254045,1.0934499305025946,1.3681179628080473,1.0035731772978191,0.8715983263373656,1.1424159678674959,1.0585836764057825,0.9162440478788905,1.228235509628284,1.1006310236675507,0.9798481789276833,1.2475241921172726
1,64,road-ny,8,,0.6139734315343378,1.9117820625677637,0.5488821137478052,0.6158421801655688,0.13629630862192024,0.009167983289623108,0.22199056444724602,0.20969072291839233,0.23540466441043859,0.014932215009226125,0.014144120682220753,0.015732496627282513,1.003469681049584,0.9788349644844301,1.0319363964846202,0.8939834943283009,0.8432874437138383,0.9436575461083697,3.1137863047105534,3.001957259279179,3.2235551644251794,1.0030436962501146,0.9797726802564436,1.0225606465494097
1,64,youtube,8,,0.1420379064708241,0.2753688864615174,0.10988296647520084,0.09616634306457443,0.04574600502104355,0.03289118631242384,0.32206898959356456,0.26744148712175464,0.3759330204437684,0.23156625671035216,0.19926459880329264,0.2658248318964152,1.005967078995097,0.9660457754452147,1.060518935767038,0.7736171928003727,0.6539180499077694,0.9039612500784977,1.938699980192124,1.5830770169401516,2.283029956855674,0.6770470324013673,0.5952219945603551,0.7505780771797345
1,120,mesh22,8,,5.565299761227805,8.352707916994177,4.6778109401740116,5.717497389025588,6.154587687561096,0.1043518885801875,1.1058861070590895,0.8332159083989523,1.4170777035442643,0.018750452456700303,0.01564330965250579,0.02300019385758599,1.009046022251849,0.9676115096837492,1.0516183968474555,0.8405317127323979,0.7312119857224241,0.9443991123270017,1.500854989911886,1.3295401646830212,1.7255042691918434,1.0273476064772127,0.9913074671880302,1.0740318120230217
1,120,rmat22,8,tuned-fixed,4.3939999292566565,2.3832275455121232,,4.693077129180747,0.1751988948760161,0.3037209213487079,0.03987230261645791,0.029633724580968836,0.05610485684019519,0.06912174015444036,0.05298172553228878,0.09463766081080276,1.0903023537832206,0.8470800707146937,1.40059868608723,,,,0.542382244852539,0.4369380969685196,0.67914951329403,1.0680649077695106,0.8702546333169839,1.361115090936926
2,16,mesh20,8,current,,0.7508989683423416,0.3626267837387126,0.49135913410050447,1.2879452074901214,,,,,,,,,,,,,,,,,,,
2,16,mesh22,8,,0.892239615325414,1.2867294194547982,0.8165258621831238,1.0714666940405948,6.090438824026409,,6.826012563682379,6.228813113672618,7.5981612292191665,,,,0.9692999086876437,0.8729600550360128,1.05386754272595,0.9151419060061841,0.8290544363178529,0.9915319517635519,1.4421343743916903,1.3310068375443533,1.5888534506040675,1.200873258300478,1.0838644314373846,1.3447887047081784
2,16,rmat20,8,,0.1713306035548185,0.18647050216575534,0.16810069317086357,0.1756657525427854,0.037190870371580614,,0.21707079529245416,0.21084315726051167,0.2230215759457138,,,,1.1509513447509498,1.0209169967648761,1.3239212143113595,0.9811480826137318,0.9385507498395251,1.0278121454044449,1.0883665748956095,1.0128730932423273,1.1553866259824361,1.025302829138636,0.9668716416563331,1.1152579231233402
2,16,rmat20-s2,8,,0.1828858770594315,0.19408852621064843,0.17564629872859341,0.17954054822468118,0.03607345129226493,,0.19724569153331792,0.18963246706568007,0.20573668726633848,,,,0.9913488639669655,0.9185373029882068,1.0715966352916066,0.9604147764319414,0.8834511085258688,1.0317565851163784,1.0612548619463738,0.9491882389542593,1.1668167901686188,0.9817081073260613,0.9398304835117004,1.0152335335846674
2,16,rmat22,8,,0.6626402463413027,0.6589868220134268,0.640018079202673,0.6697630256246614,0.08772488607643023,,0.13238689705431234,0.12332233126675737,0.14299997916340765,,,,0.9945834216975561,0.8978634068794169,1.1404623539271155,0.9658605596874992,0.9421175524825581,0.9901051522616092,0.994486564394409,0.909257869698618,1.071383511334952,1.0107490894534197,0.9250201606281995,1.099539817304759
2,16,road-ny,8,,0.21423937764385145,0.5757242913045673,0.14203760512195157,0.21453261618433214,0.12054205232044542,,0.5626512438849259,0.5353493603782365,0.5842764184438158,,,,0.9951141409909618,0.966134365266589,1.0274390829141267,0.6629855196745059,0.6313152527411127,0.6949591820590958,2.687294453691157,2.5178548706530206,2.849994801000478,1.0013687424959206,0.9598542687975278,1.04322214346992
2,16,uniform20,8,,0.16662330540247183,0.18055211610824143,0.1676432461936039,0.16525047589434266,0.07204587972843969,,0.4323877716530457,0.41603043422937724,0.4499055831911306,,,,1.0472593921611766,0.9964544915114563,1.1100550086054624,1.0061212372943178,0.9606136113869325,1.0466633032965247,1.0835946128431742,1.039397509525702,1.1279701285013874,0.9917608793991145,0.9537811510028182,1.027872305627522
2,16,uniform20-s2,8,,0.17132411291053556,0.18622302984796393,0.16888886325047514,0.174422412866168,0.0793162131365722,,0.46296001064363107,0.43842580010209786,0.483313928342375,,,,1.0163107129358147,0.9697407221569876,1.0694248873930379,0.9857857156316805,0.94045733761551,1.0275778934015098,1.0869633391606033,1.0431692281881675,1.1272202859437377,1.018084436002598,0.9837911755272444,1.0577905456482322
2,16,youtube,8,,0.12157455236706444,0.13188986973080064,0.11174234259616389,0.10028697118926726,0.03173306767629099,,0.26101735156285666,0.24398754694195504,0.2789305215866626,,,,0.9857387363750969,0.9180439394933586,1.0726367296921726,0.9191260870020346,0.8509816211586582,0.9912084300170253,1.0848476688821491,0.9653311070737596,1.1994275204073255,0.8249010112451445,0.770973152573025,0.8781433149988721
4,16,mesh22,8,,1.0471485338006292,1.3185730733048853,0.7704288118609316,1.0768753863344045,4.619984080628068,,4.411966336676059,3.9217201921725455,4.97874635943889,,,,1.016119283451711,0.9490602541057682,1.0833069768960915,0.7357397608767664,0.6969432723663437,0.7765987420238091,1.259203475670371,1.1793515248099362,1.3432930894146509,1.028388381947957,0.992401454625794,1.0699328004758006
4,16,rmat22,8,,0.34726629714212137,0.3830617009254174,0.3540136873626041,0.33924466186379487,0.05745068390182812,,0.16543696976823524,0.15594675534430721,0.17578095472290386,,,,1.0461954628508958,0.9285714515470974,1.2428527203776167,1.0194300174707747,0.9583091762491162,1.1089186762482743,1.1030776786514542,1.0368854451078682,1.161530436905534,0.9769006225356686,0.9349193505037765,1.0101197879141806
8,16,mesh22,8,,0.922108586407029,1.6273309317435798,0.7420142022714702,0.9249121252106883,3.1335952108294856,,3.3982930611669646,3.111504686372396,3.687914184784932,,,,0.993437372282624,0.9779570961953054,1.0090730190047794,0.804692867206354,0.7622137700177736,0.843843786693203,1.7647931661545744,1.6933451359961957,1.8324018281687047,1.0030403564666752,0.994059322654816,1.0127318880922012
8,16,rmat22,8,,0.20955938084007514,0.22929644044195088,0.21271942187196038,0.204087662624098,0.04550242794809822,,0.21713381555953024,0.20602818360736858,0.2288445235193453,,,,1.052778236066232,1.0000598577121431,1.1151832903125236,1.015079453943877,0.9822265188217114,1.0510534098629176,1.0941836128869749,1.0537812474399895,1.1297993190932205,0.9738894140933122,0.9424920922230475,1.0071294623798082
16,16,mesh22,8,,0.8640536179716869,2.2154977438570373,0.9483136381586237,0.8759479637876052,2.437484632157114,,2.8209877043035365,2.5439674145616307,3.0773210743626116,,,,1.0198846481467299,1.0056510732052892,1.0355631647640189,1.0975171198110738,1.0709117904072978,1.1355216794008316,2.564074378923131,2.453681393426652,2.6635626373214167,1.013765749680951,0.9920228618122652,1.0368050003207643
16,16,rmat22,8,,0.16924325012849845,0.2074328002439324,0.1471222267902088,0.1442350777440491,0.03562657532361667,,0.21050514745236273,0.18742103297024396,0.23932769452728017,,,,0.9483955961482947,0.8339664484123003,1.0845253401051018,0.8692945017216688,0.783224991364954,0.9627805725285484,1.225648881633025,1.1163086771678488,1.3283414243182492,0.8522353336664134,0.7726791259821582,0.9312232529525387
