job,campaign,harnesses,solves,valid_solves,graphs,engines,arms,hosts,slurm_name,account,partition,state,start,end,elapsed,nodelist,reported_in,first_commit,status
22032608,acic-comparison-20260913,run.py,16,16,tiny-disconnected-22032608;tiny-empty-22032608;tiny-path-22032608,acic,current;hold;old-fixed;open,cn021,acic-tiny1,mzu-delta-cpu,cpu,COMPLETED,2026-09-13T09:38:50,2026-09-13T09:39:12,00:00:22,cn021,,be1cae0 2026-09-13 Record Delta SSSP comparisons and prioritize reproducible progress failures,
22032609,acic-comparison-20260913,run.py,9,9,mesh20;rmat20;road-ny,acic;riken,current;riken,"cn[023,032]",acic-smoke2,mzu-delta-cpu,cpu,COMPLETED,2026-09-13T09:38:50,2026-09-13T09:39:22,00:00:32,"cn[023,032]",,be1cae0 2026-09-13 Record Delta SSSP comparisons and prioritize reproducible progress failures,
22032688,acic-comparison-20260913,run.py,1359,1346,mesh20;mesh22;rmat20;rmat20-s2;rmat22;road-ny;uniform20;uniform20-s2;youtube,acic;gap;riken,control;current;fixed-1-w0;fixed-1-w1024;fixed-1-w1074;fixed-1-w2;fixed-1-w217;fixed-1-w3;fixed-1-w495;fixed-1-w65536;fixed-1-w8;fixed-5-w0;fixed-5-w1024;fixed-5-w1074;fixed-5-w2;fixed-5-w217;fixed-5-w3;fixed-5-w495;fixed-5-w65536;fixed-5-w8;gap;old-fixed;open;riken;tuned-fixed,cn056,acic-main1,mzu-delta-cpu,cpu,COMPLETED,2026-09-13T09:42:50,2026-09-13T10:46:27,01:03:37,cn056,,be1cae0 2026-09-13 Record Delta SSSP comparisons and prioritize reproducible progress failures,
22032689,acic-comparison-20260913,run.py,1133,1119,mesh20;mesh22;rmat20;rmat20-s2;rmat22;road-ny;uniform20;uniform20-s2;youtube,acic;riken,control;current;fixed-1-w0;fixed-1-w1024;fixed-1-w1074;fixed-1-w2;fixed-1-w217;fixed-1-w3;fixed-1-w495;fixed-1-w65536;fixed-1-w8;fixed-5-w0;fixed-5-w1024;fixed-5-w1074;fixed-5-w2;fixed-5-w217;fixed-5-w3;fixed-5-w495;fixed-5-w65536;fixed-5-w8;old-fixed;open;riken;tuned-fixed,"cn[057,069]",acic-main2,mzu-delta-cpu,cpu,FAILED,2026-09-13T09:42:50,2026-09-13T10:36:55,00:54:05,"cn[057,069]",,be1cae0 2026-09-13 Record Delta SSSP comparisons and prioritize reproducible progress failures,
22032690,acic-comparison-20260913,run.py,16,16,tiny-disconnected-22032690;tiny-empty-22032690;tiny-path-22032690,acic,current;hold;old-fixed;open,"cn[020,087]",acic-tiny2,mzu-delta-cpu,cpu,COMPLETED,2026-09-13T09:43:50,2026-09-13T09:44:18,00:00:28,"cn[020,087]",,be1cae0 2026-09-13 Record Delta SSSP comparisons and prioritize reproducible progress failures,
22032718,acic-comparison-20260913,run.py,12,12,mesh20;rmat20;road-ny,riken,riken-no-pre;riken-pre30,"cn[082,087]",acic-preprobe,mzu-delta-cpu,cpu,COMPLETED,2026-09-13T09:44:51,2026-09-13T09:48:34,00:03:43,"cn[082,087]",,be1cae0 2026-09-13 Record Delta SSSP comparisons and prioritize reproducible progress failures,
22032758,acic-comparison-20260913,run.py,268,264,mesh22;rmat22,acic;riken,control;current;fixed-1-w0;fixed-1-w1024;fixed-1-w3;fixed-1-w495;fixed-5-w0;fixed-5-w1024;fixed-5-w3;fixed-5-w495;old-fixed;open;riken;tuned-fixed,"cn[039,049,082,087]",acic-scale4,mzu-delta-cpu,cpu,COMPLETED,2026-09-13T09:48:50,2026-09-13T10:07:35,00:18:45,"cn[039,049,082,087]",,be1cae0 2026-09-13 Record Delta SSSP comparisons and prioritize reproducible progress failures,
22032759,acic-comparison-20260913,run.py,268,266,mesh22;rmat22,acic;riken,control;current;fixed-1-w0;fixed-1-w1024;fixed-1-w3;fixed-1-w495;fixed-5-w0;fixed-5-w1024;fixed-5-w3;fixed-5-w495;old-fixed;open;riken;tuned-fixed,"cn[014,034,039,088,110,114,116,126]",acic-scale8,mzu-delta-cpu,cpu,COMPLETED,2026-09-13T10:15:54,2026-09-13T10:30:53,00:14:59,"cn[014,034,039,088,110,114,116,126]",,be1cae0 2026-09-13 Record Delta SSSP comparisons and prioritize reproducible progress failures,
22032760,acic-comparison-20260913,run.py,268,267,mesh22;rmat22,acic;riken,control;current;fixed-1-w0;fixed-1-w1024;fixed-1-w3;fixed-1-w495;fixed-5-w0;fixed-5-w1024;fixed-5-w3;fixed-5-w495;old-fixed;open;riken;tuned-fixed,"cn[005,014,020,025,034-035,039,072,088-089,099,110,114,129-130,132]",acic-scale16,mzu-delta-cpu,cpu,COMPLETED,2026-09-13T10:31:57,2026-09-13T10:46:56,00:14:59,"cn[005,014,020,025,034-035,039,072,088-089,099,110,114,129-130,132]",,be1cae0 2026-09-13 Record Delta SSSP comparisons and prioritize reproducible progress failures,
22032761,acic-comparison-20260913,run.py,636,623,mesh22;rmat22;road-ny;youtube,acic;gap;riken,control;current;fixed-1-w0;fixed-1-w1024;fixed-1-w1074;fixed-1-w3;fixed-1-w495;fixed-1-w65536;fixed-1-w8;fixed-5-w0;fixed-5-w1024;fixed-5-w1074;fixed-5-w3;fixed-5-w495;fixed-5-w65536;fixed-5-w8;gap;old-fixed;open;riken;tuned-fixed,cn115,acic-dense1,mzu-delta-cpu,cpu,COMPLETED,2026-09-13T09:56:50,2026-09-13T10:46:39,00:49:49,cn115,,be1cae0 2026-09-13 Record Delta SSSP comparisons and prioritize reproducible progress failures,
22032818,acic-comparison-20260913,run.py,90,90,rmat20,acic;riken,control;current;riken;riken-retuned;tuned-fixed,"cn[118,122]",acic-confirm2,mzu-delta-cpu,cpu,COMPLETED,2026-09-13T09:56:50,2026-09-13T10:00:18,00:03:28,"cn[118,122]",,be1cae0 2026-09-13 Record Delta SSSP comparisons and prioritize reproducible progress failures,
22033282,acic-comparison-20260913,run.py,12,0,rmat20,gluon,gluon-async;gluon-sync,cn035,gluon-compare1,mzu-delta-cpu,cpu,FAILED,2026-09-13T10:07:53,2026-09-13T10:08:22,00:00:29,cn035,,be1cae0 2026-09-13 Record Delta SSSP comparisons and prioritize reproducible progress failures,
22033283,acic-comparison-20260913,run.py,24,0,rmat20,gluon,gluon-async;gluon-sync,"cn[039,049]",gluon-compare2,mzu-delta-cpu,cpu,FAILED,2026-09-13T10:07:53,2026-09-13T10:08:46,00:00:53,"cn[039,049]",,be1cae0 2026-09-13 Record Delta SSSP comparisons and prioritize reproducible progress failures,
22033411,acic-comparison-20260913,run.py,252,245,mesh22;rmat22,acic;gap;riken,control;current;fixed-1-w0;fixed-1-w1024;fixed-1-w3;fixed-1-w495;fixed-5-w0;fixed-5-w1024;fixed-5-w3;fixed-5-w495;gap;old-fixed;open;riken;tuned-fixed,cn028,acic-full1,mzu-delta-cpu,cpu,FAILED,2026-09-13T10:16:54,2026-09-13T11:07:21,00:50:27,cn028,,be1cae0 2026-09-13 Record Delta SSSP comparisons and prioritize reproducible progress failures,
22033417,acic-comparison-20260913,run.py,312,312,mesh20;rmat20;road-ny;youtube,acic;gluon,control;current;gluon-async;gluon-sync,cn099,gluon-compare1,mzu-delta-cpu,cpu,COMPLETED,2026-09-13T10:16:54,2026-09-13T10:21:55,00:05:01,cn099,,be1cae0 2026-09-13 Record Delta SSSP comparisons and prioritize reproducible progress failures,
22033418,acic-comparison-20260913,run.py,26,0,rmat20,gluon,gluon-async;gluon-sync,"cn[116,126]",gluon-compare2,mzu-delta-cpu,cpu,FAILED,2026-09-13T10:31:57,2026-09-13T10:32:56,00:00:59,"cn[116,126]",,be1cae0 2026-09-13 Record Delta SSSP comparisons and prioritize reproducible progress failures,
22033619,acic-comparison-20260913,run.py,204,204,mesh22;rmat22,acic,current-1x120;current-4x30;current-8x15;fixed-1x120;fixed-4x30;fixed-8x15,cn116,acic-numa,mzu-delta-cpu,cpu,COMPLETED,2026-09-13T10:33:56,2026-09-13T10:49:05,00:15:09,cn116,,be1cae0 2026-09-13 Record Delta SSSP comparisons and prioritize reproducible progress failures,
22033692,acic-comparison-20260913,run.py,11,11,mesh20,acic,current;open;tuned-fixed,cn[056-057],acic-mesh-replay,mzu-delta-cpu,cpu,COMPLETED,2026-09-13T10:47:12,2026-09-13T10:47:38,00:00:26,cn[056-057],,be1cae0 2026-09-13 Record Delta SSSP comparisons and prioritize reproducible progress failures,
22033834,acic-comparison-20260913,run.py,360,360,mesh20;rmat20;road-ny;youtube,acic;gluon,control;current;gluon-async;gluon-sync,"cn[116,127]",acic-gluon2,mzu-delta-cpu,cpu,COMPLETED,2026-09-13T10:51:58,2026-09-13T11:19:17,00:27:19,"cn[116,127]",,be1cae0 2026-09-13 Record Delta SSSP comparisons and prioritize reproducible progress failures,
22033887,acic-comparison-20260913,run.py,12,11,rmat22,acic;gap;riken,control;current;gap;riken;tuned-fixed,cn028,acic-layout-compare,mzu-delta-cpu,cpu,FAILED,2026-09-13T11:08:01,2026-09-13T11:11:06,00:03:05,cn028,,be1cae0 2026-09-13 Record Delta SSSP comparisons and prioritize reproducible progress failures,
22033982,acic-comparison-20260913,run.py,272,272,mesh20;mesh22;rmat22;road-ny,acic;acic-quiet;gap;riken,current;gap;quiet;riken,cn010,acic-quiet-compare,mzu-delta-cpu,cpu,COMPLETED,2026-09-13T11:04:00,2026-09-13T11:16:43,00:12:43,cn010,,be1cae0 2026-09-13 Record Delta SSSP comparisons and prioritize reproducible progress failures,
22034066,acic-comparison-20260913,run.py,76,68,rmat22,acic;gap;riken,control;current;gap;old-fixed;open;riken;tuned-fixed,cn028,acic-full-complete,mzu-delta-cpu,cpu,COMPLETED,2026-09-13T11:12:01,2026-09-13T11:36:30,00:24:29,cn028,,be1cae0 2026-09-13 Record Delta SSSP comparisons and prioritize reproducible progress failures,
22034120,acic-comparison-20260913,run.py,162,148,mesh22;rmat22,acic;gap;riken,control;current;gap;riken;tuned-fixed,cn005,acic-layout-complete,mzu-delta-cpu,cpu-interactive,COMPLETED,2026-09-13T11:43:30,2026-09-13T11:53:19,00:09:49,cn005,,be1cae0 2026-09-13 Record Delta SSSP comparisons and prioritize reproducible progress failures,
22037494,acic-comparison-20260913,run.py,24,12,rmat22,acic;acic-progress,tuned-fixed,cn132,acic-compare,mzu-delta-cpu,cpu,COMPLETED,2026-09-13T15:07:16,2026-09-13T15:33:43,00:26:27,cn132,,"89cbf7b 2026-09-13 Replay the 7.5 progress failures, and price the controller rules at one node",
22037495,acic-comparison-20260913,run.py,80,79,mesh20,acic;acic-progress,current,"cn[026,049]",acic-compare,mzu-delta-cpu,cpu,COMPLETED,2026-09-13T15:30:16,2026-09-13T15:35:32,00:05:16,"cn[026,049]",,"89cbf7b 2026-09-13 Replay the 7.5 progress failures, and price the controller rules at one node",
22037496,acic-comparison-20260913,run.py,80,80,mesh20,acic;acic-progress,current,"cn[089,122]",acic-compare,mzu-delta-cpu,cpu,COMPLETED,2026-09-13T15:30:16,2026-09-13T15:33:06,00:02:50,"cn[089,122]",,"89cbf7b 2026-09-13 Replay the 7.5 progress failures, and price the controller rules at one node",
22038072,acic-comparison-20260913,run.py,153,153,mesh20,acic-progress,clamp-strict;control;current;tuned-fixed;two-tier-absolute-1600;two-tier-never;width-1024;width-217;window-follow,cn137,acic-compare,mzu-delta-cpu,cpu-preempt,COMPLETED,2026-09-13T15:30:16,2026-09-13T15:35:45,00:05:29,cn137,,"89cbf7b 2026-09-13 Replay the 7.5 progress failures, and price the controller rules at one node",
22038073,acic-comparison-20260913,run.py,153,153,mesh22,acic-progress,clamp-strict;control;current;tuned-fixed;two-tier-absolute-1600;two-tier-never;width-1024;width-495;window-follow,cn070,acic-compare,mzu-delta-cpu,cpu,COMPLETED,2026-09-13T15:36:15,2026-09-13T15:42:32,00:06:17,cn070,,"89cbf7b 2026-09-13 Replay the 7.5 progress failures, and price the controller rules at one node",
22038074,acic-comparison-20260913,run.py,459,459,rmat22;road-ny;youtube,acic-progress,clamp-strict;control;current;tuned-fixed;two-tier-absolute-1600;two-tier-never;width-1024;width-1074;width-3;width-65536;width-8;window-follow,cn111,acic-compare,mzu-delta-cpu,cpu,COMPLETED,2026-09-13T15:36:15,2026-09-13T15:50:58,00:14:43,cn111,,"89cbf7b 2026-09-13 Replay the 7.5 progress failures, and price the controller rules at one node",
22038075,acic-comparison-20260913,run.py,153,153,mesh20,acic-progress,clamp-strict;control;current;tuned-fixed;two-tier-absolute-1600;two-tier-never;width-1024;width-217;window-follow,"cn[078,110]",acic-compare,mzu-delta-cpu,cpu,COMPLETED,2026-09-13T16:25:28,2026-09-13T16:31:11,00:05:43,"cn[078,110]",,"e51569e 2026-09-13 Price the controller rules at two nodes, and find a 10x work gap on mesh20",
22038076,acic-comparison-20260913,run.py,153,153,mesh22,acic-progress,clamp-strict;control;current;tuned-fixed;two-tier-absolute-1600;two-tier-never;width-1024;width-495;window-follow,"cn[110,118]",acic-compare,mzu-delta-cpu,cpu,COMPLETED,2026-09-13T16:31:29,2026-09-13T16:38:15,00:06:46,"cn[110,118]",,"e51569e 2026-09-13 Price the controller rules at two nodes, and find a 10x work gap on mesh20",
22038077,acic-comparison-20260913,run.py,459,459,rmat22;road-ny;youtube,acic-progress,clamp-strict;control;current;tuned-fixed;two-tier-absolute-1600;two-tier-never;width-1024;width-1074;width-3;width-65536;width-8;window-follow,"cn[047,072]",acic-compare,mzu-delta-cpu,cpu,COMPLETED,2026-09-13T16:34:28,2026-09-13T16:48:20,00:13:52,"cn[047,072]",,"e51569e 2026-09-13 Price the controller rules at two nodes, and find a 10x work gap on mesh20",
22042108,acic-comparison-20260913,run.py,24,24,mesh20,acic-progress,current,"cn[090,128]",acic-compare,mzu-delta-cpu,cpu,COMPLETED,2026-09-13T18:15:43,2026-09-13T18:16:45,00:01:02,"cn[090,128]",,"e51569e 2026-09-13 Price the controller rules at two nodes, and find a 10x work gap on mesh20",
22042109,acic-comparison-20260913,run.py,442,442,mesh20;mesh22;rmat22,acic-progress,clamp-strict;control;current;tuned-fixed;two-tier-absolute-1600;two-tier-never;width-1024;width-217;width-3;width-495;window-follow,"cn[090,113,128-129]",acic-compare,mzu-delta-cpu,cpu,COMPLETED,2026-09-13T18:17:44,2026-09-13T18:34:36,00:16:52,"cn[090,113,128-129]",,"e51569e 2026-09-13 Price the controller rules at two nodes, and find a 10x work gap on mesh20",
22042110,acic-comparison-20260913,run.py,442,442,mesh20;mesh22;rmat22,acic-progress,clamp-strict;control;current;tuned-fixed;two-tier-absolute-1600;two-tier-never;width-1024;width-217;width-3;width-495;window-follow,"cn[027,053,088-089,115,122,132,136]",acic-compare,mzu-delta-cpu,cpu,COMPLETED,2026-09-13T19:52:11,2026-09-13T20:10:31,00:18:20,"cn[027,053,088-089,115,122,132,136]",,"e51569e 2026-09-13 Price the controller rules at two nodes, and find a 10x work gap on mesh20",
22042111,acic-comparison-20260913,run.py,442,442,mesh20;mesh22;rmat22,acic-progress,clamp-strict;control;current;tuned-fixed;two-tier-absolute-1600;two-tier-never;width-1024;width-217;width-3;width-495;window-follow,"cn[020,030,032,058,060,087,089-091,117,126,128,130-131,134-135]",acic-compare,mzu-delta-cpu,cpu,COMPLETED,2026-09-13T23:13:26,2026-09-13T23:32:21,00:18:55,"cn[020,030,032,058,060,087,089-091,117,126,128,130-131,134-135]",,"e51569e 2026-09-13 Price the controller rules at two nodes, and find a 10x work gap on mesh20",
22061524,acic-comparison-20260913,run.py,324,324,mesh22;rmat22;road-ny,acic-progress;acic-shm,idle-flush-off;idle-flush-on;layout-1x120;layout-2x60;layout-4x30;layout-8x15;packets-8192;packets-eager-64k;transport-shm,cn132,acic-deploy,mzu-delta-cpu,cpu,COMPLETED,2026-09-14T06:07:21,2026-09-14T06:23:29,00:16:08,cn132,,"7fedaac 2026-09-14 Step 7.6c: separate the deployment axes, one at a time, at one node",
22061958,acic-comparison-20260913,run.py,585,585,mesh20;mesh22;rmat20;rmat20-s2;rmat22;road-ny;uniform20;uniform20-s2;youtube,acic-width,control;logv;logv-frozen;weight;weight-unfrozen,cn025,acic-width,mzu-delta-cpu,cpu,COMPLETED,2026-09-14T06:42:18,2026-09-14T07:38:33,00:56:15,cn025,,"3977158 2026-09-14 Measure the width rule, and demote it: it helps only where coarsening is blocked",
22062931,acic-comparison-20260913,run.py,351,100,mesh20;mesh22;rmat20;rmat20-s2;rmat22;road-ny;uniform20;uniform20-s2;youtube,acic-width,control;logv-frozen;weight,cn036,acic-width-1n,mzu-delta-cpu,cpu,COMPLETED,2026-09-14T07:59:18,2026-09-14T09:17:23,01:18:05,cn036,,"c07dc22 2026-09-14 Raise the clamp during a run: one bit, and the four ways it broke first",
22062932,acic-comparison-20260913,run.py,351,88,mesh20;mesh22;rmat20;rmat20-s2;rmat22;road-ny;uniform20;uniform20-s2;youtube,acic-width,control;logv-frozen;weight,"cn[020,058]",acic-width-2n,mzu-delta-cpu,cpu,COMPLETED,2026-09-14T07:59:18,2026-09-14T09:17:24,01:18:06,"cn[020,058]",,7e69cff 2026-09-14 Record what the node sweep produced before the cluster went away,
22063138,acic-comparison-20260913,run.py,351,351,mesh20;mesh22;rmat20;rmat20-s2;rmat22;road-ny;uniform20;uniform20-s2;youtube,acic-width,control;logv-frozen;weight,cn119,acic-width-1n,mzu-delta-cpu,cpu,COMPLETED,2026-09-14T10:09:54,2026-09-14T10:21:56,00:12:02,cn119,,1acff40 2026-09-14 Recover the node sweep without restaging under the pending jobs,
22069453,acic-comparison-20260913,run.py,351,351,mesh20;mesh22;rmat20;rmat20-s2;rmat22;road-ny;uniform20;uniform20-s2;youtube,acic-width,control;logv-frozen;weight,"cn[025,054]",acic-width-2n,rfp-delta-cpu,cpu,COMPLETED,2026-09-14T12:11:20,2026-09-14T12:24:57,00:13:37,"cn[025,054]",,"775e6fb 2026-09-14 Two nodes: weight is not a default, and the map names the wrong graph",
22069454,acic-comparison-20260913,run.py,243,243,mesh20;mesh22;rmat20;rmat20-s2;rmat22;road-ny;uniform20;uniform20-s2;youtube,acic-width,control;logv-frozen;weight,"cn[018,025,036,049,054,075-076,078]",acic-width-8n,rfp-delta-cpu,cpu,COMPLETED,2026-09-14T12:44:39,2026-09-14T13:01:00,00:16:21,"cn[018,025,036,049,054,075-076,078]",,"8acb415 2026-09-14 Eight nodes: the width rule is a mesh rule, and it strengthens with scale",
22069455,acic-comparison-20260913,run.py,243,243,mesh20;mesh22;rmat20;rmat20-s2;rmat22;road-ny;uniform20;uniform20-s2;youtube,acic-width,control;logv-frozen;weight,"cn[010,014,021,026,040,042-043,047,073,077,081,102,116-117,131,135]",acic-width-16n,rfp-delta-cpu,cpu,COMPLETED,2026-09-14T13:19:30,2026-09-14T13:40:23,00:20:53,"cn[010,014,021,026,040,042-043,047,073,077,081,102,116-117,131,135]",,c798881 2026-09-14 Settle the width rule on four allocations: it is a mesh rule,
22071815,acic-comparison-20260913,run.py,253,245,mesh20;mesh22;rmat20;rmat22;uniform20,acic-width,control;logv-frozen;logv-range;weight,cn125,acic-width-1n,rfp-delta-cpu,cpu,TIMEOUT,2026-09-14T20:43:37,2026-09-14T21:13:59,00:30:22,cn125,,"dda2dd9 2026-09-15 Reject the range extension, and reopen item (1): the default deadlocks",
22071816,acic-comparison-20260913,run.py,400,388,mesh20;mesh22;rmat20;rmat20-s2;rmat22;road-ny;uniform20;uniform20-s2,acic-width,control;logv-frozen;logv-range;weight,"cn[067,107]",acic-width-2n,rfp-delta-cpu,cpu,TIMEOUT,2026-09-14T20:45:33,2026-09-14T21:30:42,00:45:09,"cn[067,107]",,,
22071817,acic-comparison-20260913,run.py,324,307,mesh20;mesh22;rmat20;rmat20-s2;rmat22;road-ny;uniform20;uniform20-s2;youtube,acic-width,control;logv-frozen;logv-range;weight,"cn[029,032,060,070,084,087,113,116]",acic-width-8n,rfp-delta-cpu,cpu,COMPLETED,2026-09-14T21:26:32,2026-09-14T22:23:28,00:56:56,"cn[029,032,060,070,084,087,113,116]",,,
22071818,acic-comparison-20260913,run.py,292,274,mesh20;mesh22;rmat20;rmat20-s2;rmat22;road-ny;uniform20;uniform20-s2;youtube,acic-width,control;logv-frozen;logv-range;weight,"cn[022,024-025,054-056,083-085,119-121,129-130,133-134]",acic-width-16n,rfp-delta-cpu,cpu,TIMEOUT,2026-09-15T01:02:16,2026-09-15T02:02:19,01:00:03,"cn[022,024-025,054-056,083-085,119-121,129-130,133-134]",,,
22218065,ipdps27-onenode-tmp,run.py,87,87,mesh24-z;mesh26-z;road-usa-z,gap,gap;gap-t120-d32768;gap-t120-d64;gap-t127-d32768;gap-t127-d64;gap-t16-d32768;gap-t16-d64;gap-t32-d131072;gap-t32-d2048;gap-t32-d32768;gap-t32-d524288;gap-t32-d64;gap-t32-d8192;gap-t64-d32768;gap-t64-d64;gap-t8-d1024;gap-t8-d16;gap-t8-d256;gap-t8-d32768;gap-t8-d4;gap-t8-d64;gap-t96-d32768;gap-t96-d64,cn029,acic-gap-GAPBS,mzu-delta-cpu,cpu,FAILED,2026-09-19T13:09:11,2026-09-19T13:13:44,00:04:33,cn029,,5e32790 2026-09-19 L2: share process-local distances and bucket work; retain graphs across sources,
22218227,ipdps27-onenode-tmp,onenode_ab,51,51,mesh24-z;mesh26-z,acic,control;frozen;shared,cn076,acic-gap-matrix,mzu-delta-cpu,cpu,FAILED,2026-09-19T13:13:28,2026-09-19T13:20:54,00:07:26,cn076,,c11df13 2026-09-19 Guard small-graph ownership and strengthen experiment provenance,
22218229,ipdps27-onenode-tmp,onenode_ab,144,144,mesh24-z;mesh26-z;road-usa-z,acic,control;frozen;shared,"cn[013,058,077,080,119,126,129,133]",acic-gap-matrix,mzu-delta-cpu,cpu,COMPLETED,2026-09-19T16:50:35,2026-09-19T17:05:33,00:14:58,"cn[013,058,077,080,119,126,129,133]",,30058f1 2026-09-19 Record completed one-node campaign results and regression concern,
22218279,ipdps27-onenode-tmp,onenode_ab,36,36,mesh24-z;mesh24-z-p240-t1092;mesh24-z-p240-t17476;mesh24-z-p240-t4369;mesh24-z-p240-t69905,acic,control;frozen;tiles1;tiles16;tiles4;tiles64,cn[124-125],acic-gap-matrix,mzu-delta-cpu,cpu,COMPLETED,2026-09-19T13:26:12,2026-09-19T13:29:46,00:03:34,cn[124-125],,14d3773 2026-09-19 L1: place compact tiles by process or PE while reading graphs,
22218280,ipdps27-onenode-tmp,onenode_ab,36,36,mesh24-z;mesh24-z-p960-t1092;mesh24-z-p960-t17476;mesh24-z-p960-t273;mesh24-z-p960-t4369,acic,control;frozen;tiles1;tiles16;tiles4;tiles64,"cn[008,046,048,074,076,105-106,132]",acic-gap-matrix,mzu-delta-cpu,cpu,COMPLETED,2026-09-19T16:52:18,2026-09-19T16:55:54,00:03:36,"cn[008,046,048,074,076,105-106,132]",,30058f1 2026-09-19 Record completed one-node campaign results and regression concern,
22218342,ipdps27-onenode-tmp,onenode_ab,133,133,mesh24-z;mesh26-z;road-usa-z,acic,control;frozen;shared;slack,cn129,acic-gap-matrix,mzu-delta-cpu,cpu,TIMEOUT,2026-09-19T13:24:26,2026-09-19T13:54:29,00:30:03,cn129,,004315a 2026-09-19 Add complete paper acceptance checks and resumable Delta experiments,
22218343,ipdps27-onenode-tmp,onenode_ab,192,192,mesh24-z;mesh26-z;road-usa-z,acic,control;frozen;shared;slack,cn[124-125],acic-gap-matrix,mzu-delta-cpu,cpu,COMPLETED,2026-09-19T13:30:15,2026-09-19T13:57:21,00:27:06,cn[124-125],,004315a 2026-09-19 Add complete paper acceptance checks and resumable Delta experiments,
22218344,ipdps27-onenode-tmp,onenode_ab,192,192,mesh24-z;mesh26-z;road-usa-z,acic,control;frozen;shared;slack,"cn[011,069,082,088,108,114-115,125]",acic-gap-matrix,mzu-delta-cpu,cpu,COMPLETED,2026-09-19T16:53:08,2026-09-19T17:11:06,00:17:58,"cn[011,069,082,088,108,114-115,125]",,30058f1 2026-09-19 Record completed one-node campaign results and regression concern,
22218463,ipdps27-onenode-tmp,onenode_ab,96,96,mesh26-z;road-usa-z,acic,control;frozen;shared,cn004,acic-gap-matrix,mzu-delta-cpu,cpu,TIMEOUT,2026-09-19T13:39:51,2026-09-19T14:09:57,00:30:06,cn004,,c11df13 2026-09-19 Guard small-graph ownership and strengthen experiment provenance,
22218464,ipdps27-onenode-tmp,onenode_ab,36,36,mesh24-z;mesh24-z-p240-t1092;mesh24-z-p240-t17476;mesh24-z-p240-t4369;mesh24-z-p240-t69905,acic,control;frozen;tiles1;tiles16;tiles4;tiles64,cn[124-125],acic-gap-matrix,mzu-delta-cpu,cpu,COMPLETED,2026-09-19T13:57:51,2026-09-19T14:01:57,00:04:06,cn[124-125],,9021a11 2026-09-19 Verify acceptance outcomes and record completed reader pilot,
22218557,ipdps27-onenode-tmp,onenode_ab,36,36,mesh24-z;mesh24-z-p120-t139810;mesh24-z-p120-t2184;mesh24-z-p120-t34952;mesh24-z-p120-t8738,acic,control;frozen;tiles1;tiles16;tiles4;tiles64,cn129,acic-gap-matrix,mzu-delta-cpu,cpu,COMPLETED,2026-09-19T13:55:20,2026-09-19T13:59:43,00:04:23,cn129,,,
22218558,ipdps27-onenode-tmp,onenode_ab,144,144,mesh24-z;mesh26-z;road-usa-z,acic,control;frozen;shared,"cn[017,129]",acic-gap-matrix,mzu-delta-cpu,cpu,COMPLETED,2026-09-19T14:00:23,2026-09-19T14:23:44,00:23:21,"cn[017,129]",,30058f1 2026-09-19 Record completed one-node campaign results and regression concern,
22218622,ipdps27-onenode-tmp,run.py,549,549,mesh24-z;mesh26-z;road-usa-z,gap,gap-t1-d1024;gap-t1-d131072;gap-t1-d16;gap-t1-d16384;gap-t1-d2048;gap-t1-d2097152;gap-t1-d256;gap-t1-d32768;gap-t1-d4;gap-t1-d4096;gap-t1-d524288;gap-t1-d64;gap-t1-d8192;gap-t1-d8388608;gap-t120-d1024;gap-t120-d131072;gap-t120-d16;gap-t120-d16384;gap-t120-d2048;gap-t120-d2097152;gap-t120-d256;gap-t120-d32768;gap-t120-d4;gap-t120-d4096;gap-t120-d524288;gap-t120-d64;gap-t120-d8192;gap-t120-d8388608;gap-t127-d1024;gap-t127-d131072;gap-t127-d16;gap-t127-d16384;gap-t127-d2048;gap-t127-d2097152;gap-t127-d256;gap-t127-d32768;gap-t127-d4;gap-t127-d4096;gap-t127-d524288;gap-t127-d64;gap-t127-d8192;gap-t127-d8388608;gap-t128-d1024;gap-t128-d131072;gap-t128-d16;gap-t128-d16384;gap-t128-d2048;gap-t128-d2097152;gap-t128-d256;gap-t128-d32768;gap-t128-d4;gap-t128-d4096;gap-t128-d524288;gap-t128-d64;gap-t128-d8192;gap-t128-d8388608;gap-t16-d1024;gap-t16-d131072;gap-t16-d16;gap-t16-d16384;gap-t16-d2048;gap-t16-d2097152;gap-t16-d256;gap-t16-d32768;gap-t16-d4;gap-t16-d4096;gap-t16-d524288;gap-t16-d64;gap-t16-d8192;gap-t16-d8388608;gap-t2-d1024;gap-t2-d131072;gap-t2-d16;gap-t2-d16384;gap-t2-d2048;gap-t2-d2097152;gap-t2-d256;gap-t2-d32768;gap-t2-d4;gap-t2-d4096;gap-t2-d524288;gap-t2-d64;gap-t2-d8192;gap-t2-d8388608;gap-t32-d1024;gap-t32-d131072;gap-t32-d16;gap-t32-d16384;gap-t32-d2048;gap-t32-d2097152;gap-t32-d256;gap-t32-d32768;gap-t32-d4;gap-t32-d4096;gap-t32-d524288;gap-t32-d64;gap-t32-d8192;gap-t32-d8388608;gap-t4-d1024;gap-t4-d131072;gap-t4-d16;gap-t4-d16384;gap-t4-d2048;gap-t4-d2097152;gap-t4-d256;gap-t4-d32768;gap-t4-d4;gap-t4-d4096;gap-t4-d524288;gap-t4-d64;gap-t4-d8192;gap-t4-d8388608;gap-t64-d1024;gap-t64-d131072;gap-t64-d16;gap-t64-d16384;gap-t64-d2048;gap-t64-d2097152;gap-t64-d256;gap-t64-d32768;gap-t64-d4;gap-t64-d4096;gap-t64-d524288;gap-t64-d64;gap-t64-d8192;gap-t64-d8388608;gap-t8-d1024;gap-t8-d131072;gap-t8-d16;gap-t8-d16384;gap-t8-d2048;gap-t8-d2097152;gap-t8-d256;gap-t8-d32768;gap-t8-d4;gap-t8-d4096;gap-t8-d524288;gap-t8-d64;gap-t8-d8192;gap-t8-d8388608;gap-t96-d1024;gap-t96-d131072;gap-t96-d16;gap-t96-d16384;gap-t96-d2048;gap-t96-d2097152;gap-t96-d256;gap-t96-d32768;gap-t96-d4;gap-t96-d4096;gap-t96-d524288;gap-t96-d64;gap-t96-d8192;gap-t96-d8388608,cn125,acic-gap-GAPBS,mzu-delta-cpu,cpu,COMPLETED,2026-09-19T14:02:55,2026-09-19T14:55:05,00:52:10,cn125,,a5bf888 2026-09-19 Strengthen GAPBS tuning with joint thread and delta search,
22218625,ipdps27-onenode-tmp,onenode_ab,20,20,mesh24-z,acic,control;frozen;shared;tiled;tiled_slack,cn124,acic-gap-AB,mzu-delta-cpu,cpu,COMPLETED,2026-09-19T14:02:55,2026-09-19T14:04:51,00:01:56,cn124,,14d3773 2026-09-19 L1: place compact tiles by process or PE while reading graphs,
22218626,ipdps27-onenode-tmp,onenode_ab,20,20,mesh24-z,acic,control;frozen;shared;tiled;tiled_slack,"cn[004,124]",acic-gap-AB,mzu-delta-cpu,cpu,COMPLETED,2026-09-19T14:22:18,2026-09-19T14:23:54,00:01:36,"cn[004,124]",,30058f1 2026-09-19 Record completed one-node campaign results and regression concern,
22218627,ipdps27-onenode-tmp,onenode_ab,48,48,rmat24,acic,auto;control;frozen,cn124,acic-gap-AB,mzu-delta-cpu,cpu,COMPLETED,2026-09-19T14:10:08,2026-09-19T14:12:50,00:02:42,cn124,,14d3773 2026-09-19 L1: place compact tiles by process or PE while reading graphs,
22218658,ipdps27-onenode-tmp,onenode_ab,64,64,road-usa-z,acic,control;frozen;shared;slack,cn004,acic-gap-matrix,mzu-delta-cpu,cpu,COMPLETED,2026-09-19T14:12:33,2026-09-19T14:21:51,00:09:18,cn004,,004315a 2026-09-19 Add complete paper acceptance checks and resumable Delta experiments,
22218785,ipdps27-onenode-tmp,onenode_ab,90,90,mesh24-z;mesh26-z;road-usa-z,acic,control;frozen;shared;tiled;tiled_slack,"cn[008,024,035-036,070,096,130,134]",acic-gap-matrix,mzu-delta-cpu,cpu,COMPLETED,2026-09-19T16:56:32,2026-09-19T17:05:31,00:08:59,"cn[008,024,035-036,070,096,130,134]",,9021a11 2026-09-19 Verify acceptance outcomes and record completed reader pilot,
22222842,ipdps27-onenode-tmp,onenode_ab,192,192,mesh24-z;mesh26-z;road-usa-w4-z;road-usa-z,acic,candidate;control;frozen,"cn[030-031,048,053,080,091,100,110]",acic-gap-matrix,mzu-delta-cpu,cpu,COMPLETED,2026-09-19T19:00:00,2026-09-19T19:21:20,00:21:20,"cn[030-031,048,053,080,091,100,110]",,4dd674f 2026-09-19 Recover eight-node diagnostics and record unmet GAPBS target,
22222843,ipdps27-onenode-tmp,onenode_ab,192,192,mesh24-z;mesh26-z;road-usa-w4-z;road-usa-z,acic,candidate;control;frozen,cn065,acic-gap-matrix,mzu-delta-cpu,cpu,COMPLETED,2026-09-19T18:48:22,2026-09-19T19:31:47,00:43:25,cn065,,4dd674f 2026-09-19 Recover eight-node diagnostics and record unmet GAPBS target,
22222844,ipdps27-onenode-tmp,run.py,48,48,mesh24-z;mesh26-z;road-usa-z,gap,gap-t120-d4096;gap-t128-d4096;gap-t64-d32768,cn043,acic-gap-GAPBS,mzu-delta-cpu,cpu,COMPLETED,2026-09-19T17:46:32,2026-09-19T17:48:04,00:01:32,cn043,,4dd674f 2026-09-19 Recover eight-node diagnostics and record unmet GAPBS target,
22222845,ipdps27-onenode-tmp,run.py,183,178,road-usa-w4-z,gap,gap-t1-d131072;gap-t1-d2048;gap-t1-d2097152;gap-t1-d32768;gap-t1-d512;gap-t1-d524288;gap-t1-d8192;gap-t120-d131072;gap-t120-d2048;gap-t120-d2097152;gap-t120-d32768;gap-t120-d512;gap-t120-d524288;gap-t120-d8192;gap-t127-d131072;gap-t127-d2048;gap-t127-d2097152;gap-t127-d32768;gap-t127-d512;gap-t127-d524288;gap-t127-d8192;gap-t128-d131072;gap-t128-d2048;gap-t128-d2097152;gap-t128-d32768;gap-t128-d512;gap-t128-d524288;gap-t128-d8192;gap-t16-d131072;gap-t16-d2048;gap-t16-d2097152;gap-t16-d32768;gap-t16-d512;gap-t16-d524288;gap-t16-d8192;gap-t2-d131072;gap-t2-d2048;gap-t2-d2097152;gap-t2-d32768;gap-t2-d512;gap-t2-d524288;gap-t2-d8192;gap-t32-d131072;gap-t32-d2048;gap-t32-d2097152;gap-t32-d32768;gap-t32-d512;gap-t32-d524288;gap-t32-d8192;gap-t4-d131072;gap-t4-d2048;gap-t4-d2097152;gap-t4-d32768;gap-t4-d512;gap-t4-d524288;gap-t4-d8192;gap-t64-d131072;gap-t64-d2048;gap-t64-d2097152;gap-t64-d32768;gap-t64-d512;gap-t64-d524288;gap-t64-d8192;gap-t8-d131072;gap-t8-d2048;gap-t8-d2097152;gap-t8-d32768;gap-t8-d512;gap-t8-d524288;gap-t8-d8192;gap-t96-d131072;gap-t96-d2048;gap-t96-d2097152;gap-t96-d32768;gap-t96-d512;gap-t96-d524288;gap-t96-d8192,cn029,acic-gap-GAPBS,mzu-delta-cpu,cpu,COMPLETED,2026-09-19T18:23:51,2026-09-19T18:39:47,00:15:56,cn029,,4dd674f 2026-09-19 Recover eight-node diagnostics and record unmet GAPBS target,
22222846,ipdps27-onenode-tmp,onenode_ab,64,64,rmat24,acic,control;current_auto;current_off;frozen,cn041,acic-gap-AB,mzu-delta-cpu,cpu,COMPLETED,2026-09-19T18:23:51,2026-09-19T18:27:19,00:03:28,cn041,,4dd674f 2026-09-19 Recover eight-node diagnostics and record unmet GAPBS target,
22222847,ipdps27-onenode-tmp,onenode_ab,64,64,rmat24,acic,control;current_auto;current_off;frozen,cn083,acic-gap-AB,mzu-delta-cpu,cpu,COMPLETED,2026-09-19T18:23:51,2026-09-19T18:27:22,00:03:31,cn083,,4dd674f 2026-09-19 Recover eight-node diagnostics and record unmet GAPBS target,
22237670,ipdps27-onenode-tmp,GAP-R0;onenode_ab,84,84,mesh26-z;road-usa-z,acic;gap,candidate;candidate_diag;control;diagnostic;production;shared;shared_diag,cn132,acic-R0-1n-A,mzu-delta-cpu,cpu,COMPLETED,2026-09-20T12:53:35,2026-09-20T12:58:59,00:05:24,cn132,,598f13b 2026-09-20 Implement R0 work accounting and bounded diagnostic campaign,
22237671,ipdps27-onenode-tmp,GAP-R0;onenode_ab,84,84,mesh26-z;road-usa-z,acic;gap,candidate;candidate_diag;control;diagnostic;production;shared;shared_diag,cn112,acic-R0-1n-B,mzu-delta-cpu,cpu,COMPLETED,2026-09-20T12:54:35,2026-09-20T12:59:48,00:05:13,cn112,,598f13b 2026-09-20 Implement R0 work accounting and bounded diagnostic campaign,
22237672,ipdps27-onenode-tmp,onenode_ab,60,60,mesh26-z;road-usa-z,acic,candidate;candidate_diag;control;shared;shared_diag,"cn[018,024,035-036,074-075,105,133]",acic-R0-8n-A,mzu-delta-cpu,cpu,COMPLETED,2026-09-21T03:44:55,2026-09-21T03:48:35,00:03:40,"cn[018,024,035-036,074-075,105,133]",,598f13b 2026-09-20 Implement R0 work accounting and bounded diagnostic campaign,
22237673,ipdps27-onenode-tmp,onenode_ab,60,60,mesh26-z;road-usa-z,acic,candidate;candidate_diag;control;shared;shared_diag,"cn[018,024,036,074-075,105,132-133]",acic-R0-8n-B,mzu-delta-cpu,cpu,COMPLETED,2026-09-21T04:01:02,2026-09-21T04:04:24,00:03:22,"cn[018,024,036,074-075,105,132-133]",,598f13b 2026-09-20 Implement R0 work accounting and bounded diagnostic campaign,
22237693,ipdps27-onenode-tmp,GAP-R0,12,12,road-usa-z,gap,diagnostic;production,cn002,GAP-R0-work,mzu-delta-cpu,cpu,COMPLETED,2026-09-20T11:39:03,2026-09-20T11:39:21,00:00:18,cn002,,598f13b 2026-09-20 Implement R0 work accounting and bounded diagnostic campaign,
22237694,ipdps27-onenode-tmp,GAP-R0,12,12,road-usa-z,gap,diagnostic;production,cn004,GAP-R0-work,mzu-delta-cpu,cpu,COMPLETED,2026-09-20T11:39:03,2026-09-20T11:39:21,00:00:18,cn004,,598f13b 2026-09-20 Implement R0 work accounting and bounded diagnostic campaign,
22281605,ipdps27-onenode-tmp,onenode_ab,80,80,mesh26-z;road-usa-z,acic,control;frozen_r0;local;nearest;nearest_diag,cn130,acic-R1-1n-A-v2,mzu-delta-cpu,cpu,COMPLETED,2026-09-21T09:25:07,2026-09-21T09:29:51,00:04:44,cn130,,66f8dda 2026-09-21 Count filtered edge attempts in diagnostic topology and retry R1 gate,
22281606,ipdps27-onenode-tmp,onenode_ab,80,80,mesh26-z;road-usa-z,acic,control;frozen_r0;local;nearest;nearest_diag,cn133,acic-R1-1n-B-v2,mzu-delta-cpu,cpu,COMPLETED,2026-09-21T09:25:07,2026-09-21T09:29:51,00:04:44,cn133,,66f8dda 2026-09-21 Count filtered edge attempts in diagnostic topology and retry R1 gate,
22281608,ipdps27-onenode-tmp,onenode_ab,80,80,mesh26-z;road-usa-z,acic,control;frozen_r0;local;nearest;nearest_diag,"cn[026,087,108,113,124,130-131,135]",acic-R1-8n-A-v2,mzu-delta-cpu,cpu,COMPLETED,2026-09-21T12:25:08,2026-09-21T12:29:29,00:04:21,"cn[026,087,108,113,124,130-131,135]",,66f8dda 2026-09-21 Count filtered edge attempts in diagnostic topology and retry R1 gate,
22281609,ipdps27-onenode-tmp,onenode_ab,80,80,mesh26-z;road-usa-z,acic,control;frozen_r0;local;nearest;nearest_diag,"cn[014,026,055,087,124,130-131,135]",acic-R1-8n-B-v2,mzu-delta-cpu,cpu,COMPLETED,2026-09-21T12:31:07,2026-09-21T12:35:34,00:04:27,"cn[014,026,055,087,124,130-131,135]",,66f8dda 2026-09-21 Count filtered edge attempts in diagnostic topology and retry R1 gate,
22282647,ipdps27-onenode-tmp,GAP-R0;onenode_ab,176,176,mesh26-z;road-usa-z,acic;gap,batch32;batch32_diag;batch8;batch8_diag;control;diagnostic;frozen_nearest;frozen_r0;local;nearest;production,cn016,acic-R1-batch-A,mzu-delta-cpu,cpu,COMPLETED,2026-09-21T11:51:08,2026-09-21T11:59:19,00:08:11,cn016,,"a59cd4a 2026-09-21 Record batching builds, gated one-node jobs, and distributed paper direction",
22282652,ipdps27-onenode-tmp,GAP-R0;onenode_ab,176,176,mesh26-z;road-usa-z,acic;gap,batch32;batch32_diag;batch8;batch8_diag;control;diagnostic;frozen_nearest;frozen_r0;local;nearest;production,cn053,acic-R1-batch-B,mzu-delta-cpu,cpu,COMPLETED,2026-09-21T11:51:08,2026-09-21T11:59:29,00:08:21,cn053,,"a59cd4a 2026-09-21 Record batching builds, gated one-node jobs, and distributed paper direction",
22284705,ipdps27-onenode-tmp,onenode_ab,128,128,mesh26-z;road-usa-z,acic,batch32;batch32_diag;batch8;batch8_control;batch8_diag;frozen_r0;nearest;nearest_diag,"cn[016,088]",acic-R1-batch-2n-A,mzu-delta-cpu,cpu,COMPLETED,2026-09-21T13:45:08,2026-09-21T13:50:53,00:05:45,"cn[016,088]",,9fdda4b 2026-09-21 Record completed eight-node sanity check and gated two-node batching jobs,
22284706,ipdps27-onenode-tmp,onenode_ab,128,128,mesh26-z;road-usa-z,acic,batch32;batch32_diag;batch8;batch8_control;batch8_diag;frozen_r0;nearest;nearest_diag,"cn[076,108]",acic-R1-batch-2n-B,mzu-delta-cpu,cpu,COMPLETED,2026-09-21T14:52:08,2026-09-21T14:57:51,00:05:43,"cn[076,108]",,9fdda4b 2026-09-21 Record completed eight-node sanity check and gated two-node batching jobs,
22378381,acic-mesh28-wasp-20260925,compare,62,62,mesh28-z,acic;wasp,acic;acic_cost;acic_prj;wasp_cost;wasp_sssp,cn025,acic-mesh28-wasp,mzu-delta-cpu,cpu-interactive,COMPLETED,2026-09-25T13:38:00,2026-09-25T13:47:09,00:09:09,cn025,current-state.md: 16. Delta mesh28-z: the one-node gap to Wasp (2026-09-25),f8e6019 2026-09-25 Analyze Delta mesh28 traces and prioritize application queue cost,
22379048,acic-mesh28-opt-20260925,onenode_ab,2,2,mesh28-z,acic,base;control,cn044,acic-mesh28-opt,mzu-delta-cpu,cpu-interactive,CANCELLED by 69797,2026-09-25T14:08:13,2026-09-25T14:11:24,00:03:11,cn044,current-state.md: 17. Delta mesh28-z: cheaper application queues close most of the gap (2026-09-25),8a6b02c 2026-09-25 Add bounded private chunk queues and validate mesh training gains,
22379156,acic-mesh28-opt-20260925,onenode_ab,24,24,mesh28-z,acic,base;chunks;control,cn137,acic-mesh28-opt,mzu-delta-cpu,cpu-interactive,COMPLETED,2026-09-25T14:13:26,2026-09-25T14:19:13,00:05:47,cn137,current-state.md: 17. Delta mesh28-z: cheaper application queues close most of the gap (2026-09-25),8a6b02c 2026-09-25 Add bounded private chunk queues and validate mesh training gains,
22379228,acic-mesh28-opt-20260925,onenode_ab,32,32,mesh28-z,acic,band1024;band256;base;control,cn025,acic-mesh28-opt,mzu-delta-cpu,cpu-interactive,COMPLETED,2026-09-25T14:19:21,2026-09-25T14:24:54,00:05:33,cn025,current-state.md: 17. Delta mesh28-z: cheaper application queues close most of the gap (2026-09-25),8a6b02c 2026-09-25 Add bounded private chunk queues and validate mesh training gains,
22379316,acic-mesh28-opt-20260925,onenode_ab,32,32,mesh28-z,acic,base;control;slice32;slice64,cn044,acic-mesh28-opt,mzu-delta-cpu,cpu-interactive,COMPLETED,2026-09-25T14:25:46,2026-09-25T14:30:13,00:04:27,cn044,current-state.md: 17. Delta mesh28-z: cheaper application queues close most of the gap (2026-09-25),98b80ea 2026-09-25 Select 64-entry heap slices after paired mesh training runs,
22379656,acic-mesh28-opt-20260925,onenode_ab,64,64,mesh28-z,acic,base;chunks64;chunks8;control,cn044,acic-mesh28-confirm,mzu-delta-cpu,cpu-interactive,COMPLETED,2026-09-25T14:31:55,2026-09-25T14:47:09,00:15:14,cn044,current-state.md: 17. Delta mesh28-z: cheaper application queues close most of the gap (2026-09-25),54b6582 2026-09-25 Validate mesh chunk and slice gains with held-out runs and profiles,
22392217,acic-chunks-road-uniform-20260925,compare,228,228,road-usa-z;uniform25,acic;wasp,base;base_cost;chunks64;chunks64_cost;chunks8;control;wasp,cn115,acic-chunks-graphs,mzu-delta-cpu,cpu-interactive,COMPLETED,2026-09-25T15:01:14,2026-09-25T15:19:31,00:18:17,cn115,current-state.md: 18. Delta road/uniform: the private-chunk win does not transfer to road,f038d88 2026-09-25 Run frozen chunk profiles against road and uniform with tuned Wasp,
22398569,acic-chunks-road-uniform-20260925,wasp-boundary,65,65,uniform25,acic;wasp,base;chunks64;wasp,cn115,acic-wasp-boundary,mzu-delta-cpu,cpu-interactive,COMPLETED,2026-09-25T15:19:38,2026-09-25T15:24:35,00:04:57,cn115,current-state.md: 18. Delta road/uniform: the private-chunk win does not transfer to road,4601f92 2026-09-25 Verify Wasp uniform delta boundary on training sources,
22400947,acic-road-opt-20260925,layout,19,18,road-usa-z,acic,16x3-span128;16x7-span128;1x28-span128;2x14-span128;2x28-span128;2x7-span128;4x14-span128;4x28-span128;4x7-span128;4x7-span32;8x14-span128;8x15-span128;8x7-span128,cn107,acic-road-layout,mzu-delta-cpu,cpu-interactive,FAILED,2026-09-25T15:57:19,2026-09-25T15:58:46,00:01:27,cn107,current-state.md: 19. Delta road layout screen: 16 × 7 remains fastest,87bf717 2026-09-25 Freeze road queue ablation and second-allocation layout confirmation,
22401042,acic-road-opt-20260925,layout,164,164,road-usa-z,acic;wasp,16x3-span128;16x7-span128;1x28-span128;2x14-span128;2x28-span128;2x7-span128;4x14-span128;4x28-span128;4x7-span128;4x7-span32;8x14-span128;8x15-span128;8x7-span128;8x7-span64;base;base_cost;control;selected;selected_cost;wasp,cn071,acic-road-layout,mzu-delta-cpu,cpu-interactive,COMPLETED,2026-09-25T16:00:42,2026-09-25T16:11:42,00:11:00,cn071,current-state.md: 19. Delta road layout screen: 16 × 7 remains fastest,87bf717 2026-09-25 Freeze road queue ablation and second-allocation layout confirmation,
22401233,acic-road-opt-20260925,queue,164,164,road-usa-z,acic;wasp,base;combined;control;full256;full256_cost;full65536;full65536_cost;heap64;heap64_cost;heap8;heap8_cost;layout;partial256;partial256_cost;partial65536;partial65536_cost;queue;train_control;wasp,cn071,acic-road-queue,mzu-delta-cpu,cpu-interactive,COMPLETED,2026-09-25T16:11:49,2026-09-25T16:24:47,00:12:58,cn071,current-state.md: 19. Delta road layout screen: 16 × 7 remains fastest,b107957 2026-09-25 Record road layout screen: reduced core counts do not beat 16x7,
22401351,acic-road-opt-20260925,time,110,110,road-usa-z,acic;wasp,16x7-span128;8x14-span128;8x7-span128;base;base_cost;combined;combined_cost;control;queue;queue_cost;wasp,cn071,acic-road-time,mzu-delta-cpu,cpu-interactive,COMPLETED,2026-09-25T16:28:24,2026-09-25T16:35:35,00:07:11,cn071,current-state.md: 19. Delta road layout screen: 16 × 7 remains fastest,74b6aa9 2026-09-25 Record road sharing diagnosis and faster wide-band training candidate,
22401925,acic-rmat25-wasp-20260925,compare,112,112,rmat25,acic;wasp,base;control;current;wasp,cn100,acic-rmat25-wasp,mzu-delta-cpu,cpu-interactive,COMPLETED,2026-09-25T16:48:40,2026-09-25T17:01:03,00:12:23,cn100,current-state.md: 20. Delta RMAT25: a smaller one-node gap to Wasp (2026-09-25),e2c8ed7 2026-09-25 Record RMAT job and add raw-log comparison audit,
22411020,acic-road-gap-20260925,probe,120,120,mesh24-z;road-usa-w4-z;road-usa-z,acic;wasp,acic;wasp,cn107,acic-road-gap,mzu-delta-cpu,cpu-interactive,COMPLETED,2026-09-25T19:30:05,2026-09-25T19:33:00,00:02:55,cn107,"current-state.md: 22. Delta one-node road gap to Wasp: size, topology and scheduling (2026-09-25)",bf30913 2026-09-25 Document Delta one-node road gap attribution,
22411141,acic-road-gap-20260925,features,64,64,mesh24-z;road-usa-z,wasp;wasp-features,full;leaves;noopt;pull,cn036,wasp-features,mzu-delta-cpu,cpu-interactive,COMPLETED,2026-09-25T19:36:40,2026-09-25T19:38:30,00:01:50,cn036,"current-state.md: 22. Delta one-node road gap to Wasp: size, topology and scheduling (2026-09-25)",bf30913 2026-09-25 Document Delta one-node road gap attribution,
22442237,acic-road-eu-20260925,compare,124,124,road-eu-z,acic;wasp,acic;acic_control;wasp,cn099,acic-road-eu,mzu-delta-cpu,cpu-interactive,COMPLETED,2026-09-26T07:20:39,2026-09-26T07:27:14,00:06:35,cn099,current-state.md: 23. Delta road-eu-z one-node ACIC/Wasp comparison (2026-09-26),3a16764 2026-09-26 Document Delta one-node road Europe comparison,
22442601,acic-road-contribution-20260926,onenode_ab,96,96,mesh24-z;road-usa-z,acic,control;immediate;post_work,cn099,acic-road-contrib,mzu-delta-cpu,cpu-interactive,COMPLETED,2026-09-26T07:56:04,2026-09-26T08:01:19,00:05:15,cn099,current-state.md: 24. Delta road contribution placement (2026-09-26),8ef4437 2026-09-26 Document rejected road contribution placement,
22442746,acic-road-contribution-fused-20260926,onenode_ab,60,60,mesh24-z;road-usa-z,acic,control;fused_post_work;immediate,cn111,acic-road-contrib-fused,mzu-delta-cpu,cpu-interactive,COMPLETED,2026-09-26T08:07:02,2026-09-26T08:13:56,00:06:54,cn111,current-state.md: 24. Delta road contribution placement (2026-09-26),8ef4437 2026-09-26 Document rejected road contribution placement,
22526239,acic-ipdps27-delta-20260928,onenode_ab,120,120,mesh28-z,acic,c256_s64;c256_s64_nocount;c65536_s64;heap;heap_nocount,cn137,acic-d2-mesh28,rfp-delta-cpu,cpu-interactive,COMPLETED,2026-09-28T17:40:07,2026-09-28T17:57:25,00:17:18,cn137,current-state.md: 26. Delta IPDPS one-node checks: D1 re-confirmation and D2 counters (2026-09-28),601697e 2026-09-28 --admission histogram|all: the plain asynchronous arm; Delta terrain crop and D4/D5 variants,
22527563,acic-ipdps27-delta-20260928,onenode_ab,120,120,road-usa-z,acic,c256_s64;c65536_s64;c65536_s64_nocount;heap;heap_nocount,cn106,acic-d2-road,rfp-delta-cpu,cpu-interactive,COMPLETED,2026-09-28T18:37:42,2026-09-28T18:40:37,00:02:55,cn106,current-state.md: 26. Delta IPDPS one-node checks: D1 re-confirmation and D2 counters (2026-09-28),"1335192 2026-09-28 Record D1 re-confirmation and D2 counter overhead (Delta 22526239, 22527563)",
22528376,acic-ipdps27-delta-20260928,onenode_ab,48,48,grid3-30-z,acic,c256_s64;heap;heap_control,cn106,acic-d1-grid3,rfp-delta-cpu,cpu-interactive,COMPLETED,2026-09-28T19:00:43,2026-09-28T19:14:44,00:14:01,cn106,"current-state.md: 27. Delta IPDPS one-node: the chunk queue on 3-D grids (D1) and the bucket-width screen (D3), 2026-09-28","1335192 2026-09-28 Record D1 re-confirmation and D2 counter overhead (Delta 22526239, 22527563)",
22528693,acic-ipdps27-delta-20260928,onenode_ab,96,96,mesh28-w10-z,acic,rule;w0p25x;w0p5x;w1x;w2x;w4x,cn106,acic-d3-width,rfp-delta-cpu,cpu-interactive,COMPLETED,2026-09-28T19:15:43,2026-09-28T19:23:19,00:07:36,cn106,"current-state.md: 27. Delta IPDPS one-node: the chunk queue on 3-D grids (D1) and the bucket-width screen (D3), 2026-09-28","753aad0 2026-09-28 Record D1 on grid3-30-z (band 256 1.79-1.81x, adopt) and the D3 width screen (the ln V rule is the slowest width; round-bound)",
22528885,acic-ipdps27-delta-20260928,onenode_ab,128,128,mesh28-z,acic,candidate;chunks;control;local_queue;no_batch;no_share;no_slice;plain_async,cn137,acic-d4-mesh28,rfp-delta-cpu,cpu-interactive,COMPLETED,2026-09-28T19:38:38,2026-09-28T19:54:11,00:15:33,cn137,"current-state.md: 28. Delta IPDPS one-node mechanism ablation on mesh28-z (D4), 2026-09-28",04e5d11 2026-09-28 D4b variants: ablate the histogram threshold where it is engaged (weight-rule width on mesh28-z),
22529053,acic-ipdps27-delta-20260928,onenode_ab,48,48,terrain30-c-z,acic,c256_s64;heap;heap_control,cn137,acic-d1-terrain,rfp-delta-cpu,cpu-interactive,COMPLETED,2026-09-28T19:54:53,2026-09-28T20:04:39,00:09:46,cn137,"current-state.md: 27. Delta IPDPS one-node: the chunk queue on 3-D grids (D1) and the bucket-width screen (D3), 2026-09-28","753aad0 2026-09-28 Record D1 on grid3-30-z (band 256 1.79-1.81x, adopt) and the D3 width screen (the ln V rule is the slowest width; round-bound)",
22529681,acic-ipdps27-delta-20260928,onenode_ab,112,112,mesh28-z,acic,candidate;candidate_weight;chunks;chunks_weight;control;plain_async;plain_async_weight,cn137,acic-d4b-engaged,rfp-delta-cpu,cpu-interactive,COMPLETED,2026-09-28T20:06:35,2026-09-28T20:15:49,00:09:14,cn137,"current-state.md: 29. Delta IPDPS: the histogram threshold engaged (D4b), 2026-09-28","7888bd1 2026-09-28 Record D4b: the histogram threshold, engaged, cuts work 10-28% but costs ~20x rounds and is 1.33-1.41x slower on one node",
22529683,acic-ipdps27-delta-20260928,onenode_ab,96,96,terrain30-c-z,acic,candidate;chunks;control;local_queue;no_batch;no_share;no_slice;plain_async,cn137,acic-d4-terrain,rfp-delta-cpu,cpu-interactive,COMPLETED,2026-09-28T20:16:31,2026-09-28T20:41:24,00:24:53,cn137,"current-state.md: 28. Delta IPDPS one-node mechanism ablation on mesh28-z (D4), 2026-09-28","7888bd1 2026-09-28 Record D4b: the histogram threshold, engaged, cuts work 10-28% but costs ~20x rounds and is 1.33-1.41x slower on one node",
22530871,acic-ipdps27-delta-20260928,onenode_ab,80,80,mesh26;mesh26-z,acic,c256_native;c256_z;heap_native;heap_z;heap_z_control,cn137,acic-d5-order,rfp-delta-cpu,cpu-interactive,COMPLETED,2026-09-28T20:42:28,2026-09-28T20:46:53,00:04:25,cn137,"current-state.md: 30. Delta IPDPS one-node ordering pair, mesh26 against mesh26-z (D5), 2026-09-28","e905a3a 2026-09-28 Record D5: Morton order 2.96-4.21x (heap) and 4.12-7.11x (band 256) on one node, mostly work and traffic (job 22530871)",
22533655,acic-ipdps27-delta-20260928,onenode_ab,112,112,mesh28-w10-z,acic,rule;rule_control;w0p125x;w0p25x;w16x;w4x;w8x,cn137,acic-d3b-width,rfp-delta-cpu,cpu-interactive,COMPLETED,2026-09-28T20:47:24,2026-09-28T20:56:08,00:08:44,cn137,"current-state.md: 27. Delta IPDPS one-node: the chunk queue on 3-D grids (D1) and the bucket-width screen (D3), 2026-09-28",f6dd833 2026-09-29 Record D3b: widths 1/8x-16x on mesh28-w10-z; nominate 16x then 1/8x for F5 (job 22533655),
22543996,acic-ipdps27-delta-20260928,onenode_ab,84,84,mesh28-z,acic,cand;cand_cost;cand_weight;cand_weight_cost;chunks_cost;chunks_weight_cost;plain_async_weight_cost,cn137,acic-d4c-starve,rfp-delta-cpu,cpu-interactive,COMPLETED,2026-09-29T08:50:46,2026-09-29T08:58:07,00:07:21,cn137,"current-state.md: 31. Why the engaged threshold is slower on one node: starvation and queue contention (D4c), 2026-09-29","f876350 2026-09-29 Record D4c: the engaged threshold's one-node cost is half starvation, half queue contention; the collective itself is minor (job 22543996)",
22575593,acic-ipdps27-delta-20260928,onenode_ab,336,336,road-eu-z;road-usa-z,acic,d0;d0_control;d0p02;d0p05;d0p1;d0p25;d0p5,cn010,acic-o4,rfp-delta-cpu,cpu-interactive,COMPLETED,2026-09-30T10:59:49,2026-09-30T11:20:57,00:21:08,cn010,current-state.md: 39. Delta one-node round 2: O1–O4 (2026-09-30),"df7b167 2026-09-30 O1 road screen split before submission: road-usa-z (width 131072) and road-eu-z crossed with width 16384, after O4 measured the paper road profile at 19-22 attempts per edge on road",
22575807,acic-ipdps27-delta-20260928,onenode_ab,160,160,road-eu-z;road-usa-z,acic,frz_c65536;o3_c65536_off;o3_c65536_on;o3_heap_off;o3_heap_on,cn137,acic-o3,rfp-delta-cpu,cpu-interactive,COMPLETED,2026-09-30T11:21:49,2026-09-30T11:33:06,00:11:17,cn137,current-state.md: 39. Delta one-node round 2: O1–O4 (2026-09-30),"818a363 2026-09-30 Round 2 first results: O4 stops (flat), O3 1.10-1.17x on roads, O1 band 1024 7.2-8.4x on road-eu-z, O-flag two-node gate 175/175",
22576060,acic-ipdps27-delta-20260928,onenode_ab,112,112,road-eu-z,acic,frz_c65536_w16384;frz_heap_w16384;o1_b1024_w16384;o1_b16384_w16384;o1_b4096_w131072;o1_b4096_w16384;paper_c65536_w131072,cn137,acic-o1e,rfp-delta-cpu,cpu-interactive,COMPLETED,2026-09-30T11:34:50,2026-09-30T11:46:33,00:11:43,cn137,current-state.md: 39. Delta one-node round 2: O1–O4 (2026-09-30),"ad6639b 2026-09-30 O1b road-eu-z follow-up (narrower bands, width, O1+O3, O1+O2), predictions recorded before submission",
22576508,acic-ipdps27-delta-20260928,onenode_ab,112,112,mesh28-z,acic,frz_c256;frz_c256_control;frz_c256_cost;o1_b1024;o1_b256;o1_b256_cost;o1_b64,cn137,acic-o1m,rfp-delta-cpu,cpu-interactive,COMPLETED,2026-09-30T12:09:49,2026-09-30T12:17:27,00:07:38,cn137,current-state.md: 39. Delta one-node round 2: O1–O4 (2026-09-30),"a25191e 2026-09-30 O1 mesh28-z (22576508): bucket array at band 256 0.96-1.03x of the freeze chunk queue (flat); push 31.6 -> 37.9 ns, pop 117 -> 111 ns",
22576591,acic-ipdps27-delta-20260928,onenode_ab,80,80,mesh28-z,acic,frz_chunks;o_chunks_idle;o_chunks_msg;o_heap_idle;o_heap_msg,cn137,acic-o2m,rfp-delta-cpu,cpu-interactive,COMPLETED,2026-09-30T12:17:49,2026-09-30T12:24:23,00:06:34,cn137,current-state.md: 39. Delta one-node round 2: O1–O4 (2026-09-30),"9b08c87 2026-09-30 O2 mesh28-z (22576591): idle drain 1.10-1.17x slower on chunks, 1.17-1.21x slower on the heap; rounds 28-36x more frequent",
22576660,acic-ipdps27-delta-20260928,onenode_ab,160,160,road-eu-z;road-usa-z,acic,frz_chunks;o_chunks_idle;o_chunks_msg;o_heap_idle;o_heap_msg,cn137,acic-o2r,rfp-delta-cpu,cpu-interactive,COMPLETED,2026-09-30T12:24:49,2026-09-30T12:39:29,00:14:40,cn137,current-state.md: 39. Delta one-node round 2: O1–O4 (2026-09-30),"06022fd 2026-09-30 current-state 39: round 2 so far (O4 stop, O3 works on roads, O1 array flat on mesh but band 1024 7.2-8.4x on road-eu-z, O2 slower on mesh and mixed on roads, O-flag gate 175/175)",
22576845,acic-ipdps27-delta-20260928,onenode_ab,80,80,road-usa-z,acic,frz_c65536;o1_b1024;o1_b16384;o1_b4096;o1_b65536,cn137,acic-o1r,rfp-delta-cpu,cpu-interactive,COMPLETED,2026-09-30T12:40:54,2026-09-30T12:44:05,00:03:11,cn137,current-state.md: 39. Delta one-node round 2: O1–O4 (2026-09-30),41b33cb 2026-09-30 O1 road-usa-z (22576845): band 16384 1.37-1.61x and band 4096 1.26-1.53x over the paper road profile (band 65536),
22576916,acic-ipdps27-delta-20260928,onenode_ab,128,128,road-eu-z,acic,o1_b1024_w131072;o1_b1024_w16384;o1_b1024_w16384_idle;o1_b1024_w16384_leaf;o1_b1024_w4096;o1_b2048_w16384;o1_b256_w16384;o1_b512_w16384,cn137,acic-o1e2,rfp-delta-cpu,cpu-interactive,COMPLETED,2026-09-30T12:44:55,2026-09-30T12:52:21,00:07:26,cn137,current-state.md: 39. Delta one-node round 2: O1–O4 (2026-09-30),"e9fcc1d 2026-09-30 O1b road-eu-z (22576916): bands 256-1024 tie, 2048 loses; width 131072 at band 1024 1.03-1.23x over 16384; leaf pruning 1.07-1.19x; idle drain 0.93-0.97x",
22577011,acic-ipdps27-delta-20260928,onenode_ab,80,80,road-usa-z,acic,o1_b16384;o1_b16384_leaf;o1_b16384_w32768;o1_b32768;o1_b8192,cn137,acic-o1u2,rfp-delta-cpu,cpu-interactive,COMPLETED,2026-09-30T12:52:57,2026-09-30T12:56:52,00:03:55,cn137,current-state.md: 39. Delta one-node round 2: O1–O4 (2026-09-30),"e4af05b 2026-09-30 O1b road-usa-z (22577011): bands 8192-16384 tie, 32768 and width 32768 lose; leaf pruning 1.00-1.17x",
22577056,acic-ipdps27-delta-20260928,onenode_ab,80,80,terrain30-c-z,acic,frz_c256;frz_c256_control;o1_b1024;o1_b256;o1_b64,cn137,acic-o1t,rfp-delta-cpu,cpu-interactive,COMPLETED,2026-09-30T12:57:58,2026-09-30T13:10:52,00:12:54,cn137,current-state.md: 39. Delta one-node round 2: O1–O4 (2026-09-30),b38b01a 2026-09-30 O1 terrain30-c-z (22577056): bands 64/256/1024 all 0.96-0.99x of the freeze chunk queue,
22577196,acic-ipdps27-delta-20260928,onenode_ab,80,80,road-usa-z,acic,frz_heap;o1_b16384;o1_b16384_leaf;o_heap_leaf;paper,cn072,acic-ocu,rfp-delta-cpu,cpu-interactive,COMPLETED,2026-09-30T15:21:56,2026-09-30T15:24:12,00:02:16,cn072,current-state.md: 39. Delta one-node round 2: O1–O4 (2026-09-30),acdbe82 2026-09-30 Round-2 road-usa-z confirmation (22577196): band 16384 + leaf pruning 1.38-1.64x over the paper road profile,
22581424,acic-ipdps27-delta-20260928,onenode_ab,80,80,road-eu-z,acic,frz_heap;o1_b1024;o1_b1024_leaf;o_heap_leaf;paper,cn072,acic-oce,rfp-delta-cpu,cpu-interactive,COMPLETED,2026-09-30T15:24:56,2026-09-30T15:29:23,00:04:27,cn072,current-state.md: 39. Delta one-node round 2: O1–O4 (2026-09-30),a6a7084 2026-09-30 Round-2 road-eu-z confirmation (22581424): band 1024 + leaf pruning 7.22-9.84x over the paper road profile; plan status table updated,
22581589,acic-ipdps27-delta-20260928,onenode_ab,80,80,grid3-30-z,acic,frz_c256;frz_c256_control;o1_b1024;o1_b256;o1_b64,cn072,acic-o1g,rfp-delta-cpu,cpu-interactive,COMPLETED,2026-09-30T15:29:56,2026-09-30T16:04:38,00:34:42,cn072,current-state.md: 39. Delta one-node round 2: O1–O4 (2026-09-30),c7bdb9e 2026-09-30 Plan: D7 queued,
22582143,acic-ipdps27-delta-20260928,run.py,90,90,road-usa-z,gap;wasp,gap-t128-d131072;gap-t128-d2048;gap-t128-d32768;gap-t128-d8192;gap-t32-d131072;gap-t32-d2048;gap-t32-d32768;gap-t32-d8192;gap-t64-d131072;gap-t64-d2048;gap-t64-d32768;gap-t64-d8192;gap-t96-d131072;gap-t96-d2048;gap-t96-d32768;gap-t96-d8192;wasp-t128-d131072;wasp-t128-d2048;wasp-t128-d32768;wasp-t128-d8192;wasp-t32-d131072;wasp-t32-d2048;wasp-t32-d32768;wasp-t32-d8192;wasp-t64-d131072;wasp-t64-d2048;wasp-t64-d32768;wasp-t64-d8192;wasp-t96-d131072;wasp-t96-d2048;wasp-t96-d32768;wasp-t96-d8192,cn054,acic-d7t-road-usa-z,rfp-delta-cpu,cpu-interactive,COMPLETED,2026-09-30T16:05:55,2026-09-30T16:08:12,00:02:17,cn054,"tune for job 22582308; current-state.md: 41. D7: one Delta node, ACIC against GAPBS and Wasp at equal PEs (2026-10-02)",,superseded: D7 baselines at their own thread count (sec. 41)
22582308,acic-ipdps27-delta-20260928,onenode_ab;run.py,80,80,road-usa-z,acic;gap;wasp,cand_b16384_leaf;frz_heap;gap-t64-d32768;paper_c65536;wasp-t64-d32768,cn054,acic-d7c-road-usa-z,rfp-delta-cpu,cpu-interactive,COMPLETED,2026-09-30T16:08:55,2026-09-30T16:10:31,00:01:36,cn054,"current-state.md: 41. D7: one Delta node, ACIC against GAPBS and Wasp at equal PEs (2026-10-02)","ccd94b3 2026-09-30 D7 road-usa-z (tune 22582143, compare 22582308): round-2 candidate 0.92-1.02x of GAPBS and 0.42-0.53x of Wasp in one allocation; d7_summary.py",superseded: D7 baselines at their own thread count (sec. 41)
22582333,acic-ipdps27-delta-20260928,run.py,90,90,road-eu-z,gap;wasp,gap-t128-d1024;gap-t128-d16384;gap-t128-d256;gap-t128-d4096;gap-t32-d1024;gap-t32-d16384;gap-t32-d256;gap-t32-d4096;gap-t64-d1024;gap-t64-d16384;gap-t64-d256;gap-t64-d4096;gap-t96-d1024;gap-t96-d16384;gap-t96-d256;gap-t96-d4096;wasp-t128-d1024;wasp-t128-d16384;wasp-t128-d256;wasp-t128-d4096;wasp-t32-d1024;wasp-t32-d16384;wasp-t32-d256;wasp-t32-d4096;wasp-t64-d1024;wasp-t64-d16384;wasp-t64-d256;wasp-t64-d4096;wasp-t96-d1024;wasp-t96-d16384;wasp-t96-d256;wasp-t96-d4096,cn013,acic-d7t-road-eu-z,rfp-delta-cpu,cpu-interactive,COMPLETED,2026-09-30T16:10:54,2026-09-30T16:15:07,00:04:13,cn013,"tune for job 22582508; current-state.md: 41. D7: one Delta node, ACIC against GAPBS and Wasp at equal PEs (2026-10-02)",,superseded: D7 baselines at their own thread count (sec. 41)
22582508,acic-ipdps27-delta-20260928,onenode_ab;run.py,80,80,road-eu-z,acic;gap;wasp,cand_b1024_leaf;frz_heap;gap-t128-d4096;paper_c65536;wasp-t96-d4096,cn013,acic-d7c-road-eu-z,rfp-delta-cpu,cpu-interactive,COMPLETED,2026-09-30T16:15:54,2026-09-30T16:19:33,00:03:39,cn013,"current-state.md: 41. D7: one Delta node, ACIC against GAPBS and Wasp at equal PEs (2026-10-02)",aed4cd6 2026-09-30 D7: baselines get the whole node with OMP_PROC_BIND=spread (onenode_gap_tune --spread). The packed default put a 64-thread GAPBS or Wasp run on one socket; road-eu-z Wasp at 64 thre,superseded: D7 baselines at their own thread count (sec. 41)
22582655,acic-ipdps27-delta-20260928,run.py,12,11,rmat25,gap,gap-t128-d1;gap-t128-d16;gap-t128-d4;gap-t128-d64;gap-t32-d1;gap-t32-d16;gap-t64-d16;gap-t64-d4;gap-t64-d64,cn013,acic-d7t-rmat25,rfp-delta-cpu,cpu-interactive,CANCELLED by 69797,2026-09-30T16:20:54,2026-09-30T16:22:31,00:01:37,cn013,,,cancelled: submitted before the --spread fix
22582749,acic-ipdps27-delta-20260928,run.py,74,74,rmat25,gap;wasp,gap-t128-d1-spread;gap-t128-d16-spread;gap-t128-d4-spread;gap-t128-d64-spread;gap-t32-d1-spread;gap-t32-d16-spread;gap-t32-d4-spread;gap-t32-d64-spread;gap-t64-d1-spread;gap-t64-d16-spread;gap-t64-d4-spread;gap-t64-d64-spread;wasp-t128-d1-spread;wasp-t128-d16-spread;wasp-t128-d4-spread;wasp-t128-d64-spread;wasp-t32-d1-spread;wasp-t32-d16-spread;wasp-t32-d4-spread;wasp-t32-d64-spread;wasp-t64-d1-spread;wasp-t64-d16-spread;wasp-t64-d4-spread;wasp-t64-d64-spread,cn013,acic-d7t-rmat25,rfp-delta-cpu,cpu-interactive,COMPLETED,2026-09-30T16:24:52,2026-09-30T16:31:38,00:06:46,cn013,"tune for job 22582937; current-state.md: 41. D7: one Delta node, ACIC against GAPBS and Wasp at equal PEs (2026-10-02)",,superseded: D7 baselines at their own thread count (sec. 41)
22582937,acic-ipdps27-delta-20260928,onenode_ab;run.py,48,48,rmat25,acic;gap;wasp,frz_heap;gap-t64-d1-spread;wasp-t64-d1-spread,cn013,acic-d7c-rmat25,rfp-delta-cpu,cpu-interactive,COMPLETED,2026-09-30T16:32:48,2026-09-30T16:36:21,00:03:33,cn013,"current-state.md: 41. D7: one Delta node, ACIC against GAPBS and Wasp at equal PEs (2026-10-02)","199ee56 2026-10-02 D7: baselines pack again; spread is opt-in (SPREAD=1). Job 22621300 (cn022, 144/144 digest-checked) ran sec. 23's exact Wasp launch, both D7 launches and one-change variants: spread",superseded: D7 baselines at their own thread count (sec. 41)
22583041,acic-ipdps27-delta-20260928,run.py,90,90,road-usa-z,gap;wasp,gap-t128-d131072-spread;gap-t128-d2048-spread;gap-t128-d32768-spread;gap-t128-d8192-spread;gap-t32-d131072-spread;gap-t32-d2048-spread;gap-t32-d32768-spread;gap-t32-d8192-spread;gap-t64-d131072-spread;gap-t64-d2048-spread;gap-t64-d32768-spread;gap-t64-d8192-spread;gap-t96-d131072-spread;gap-t96-d2048-spread;gap-t96-d32768-spread;gap-t96-d8192-spread;wasp-t128-d131072-spread;wasp-t128-d2048-spread;wasp-t128-d32768-spread;wasp-t128-d8192-spread;wasp-t32-d131072-spread;wasp-t32-d2048-spread;wasp-t32-d32768-spread;wasp-t32-d8192-spread;wasp-t64-d131072-spread;wasp-t64-d2048-spread;wasp-t64-d32768-spread;wasp-t64-d8192-spread;wasp-t96-d131072-spread;wasp-t96-d2048-spread;wasp-t96-d32768-spread;wasp-t96-d8192-spread,cn013,acic-d7t-road-usa-z,rfp-delta-cpu,cpu-interactive,COMPLETED,2026-09-30T16:36:43,2026-09-30T16:39:11,00:02:28,cn013,"tune for job 22583102; current-state.md: 41. D7: one Delta node, ACIC against GAPBS and Wasp at equal PEs (2026-10-02)",,superseded: D7 baselines at their own thread count (sec. 41)
22583102,acic-ipdps27-delta-20260928,onenode_ab;run.py,80,80,road-usa-z,acic;gap;wasp,cand_b16384_leaf;frz_heap;gap-t96-d32768-spread;paper_c65536;wasp-t64-d32768-spread,cn013,acic-d7c-road-usa-z,rfp-delta-cpu,cpu-interactive,COMPLETED,2026-09-30T16:40:42,2026-09-30T16:42:19,00:01:37,cn013,"current-state.md: 41. D7: one Delta node, ACIC against GAPBS and Wasp at equal PEs (2026-10-02)","199ee56 2026-10-02 D7: baselines pack again; spread is opt-in (SPREAD=1). Job 22621300 (cn022, 144/144 digest-checked) ran sec. 23's exact Wasp launch, both D7 launches and one-change variants: spread",superseded: D7 baselines at their own thread count (sec. 41)
22583204,acic-ipdps27-delta-20260928,run.py,90,90,road-eu-z,gap;wasp,gap-t128-d1024-spread;gap-t128-d16384-spread;gap-t128-d256-spread;gap-t128-d4096-spread;gap-t32-d1024-spread;gap-t32-d16384-spread;gap-t32-d256-spread;gap-t32-d4096-spread;gap-t64-d1024-spread;gap-t64-d16384-spread;gap-t64-d256-spread;gap-t64-d4096-spread;gap-t96-d1024-spread;gap-t96-d16384-spread;gap-t96-d256-spread;gap-t96-d4096-spread;wasp-t128-d1024-spread;wasp-t128-d16384-spread;wasp-t128-d256-spread;wasp-t128-d4096-spread;wasp-t32-d1024-spread;wasp-t32-d16384-spread;wasp-t32-d256-spread;wasp-t32-d4096-spread;wasp-t64-d1024-spread;wasp-t64-d16384-spread;wasp-t64-d256-spread;wasp-t64-d4096-spread;wasp-t96-d1024-spread;wasp-t96-d16384-spread;wasp-t96-d256-spread;wasp-t96-d4096-spread,cn013,acic-d7t-road-eu-z,rfp-delta-cpu,cpu-interactive,COMPLETED,2026-09-30T16:43:41,2026-09-30T16:48:16,00:04:35,cn013,"tune for job 22583270; current-state.md: 41. D7: one Delta node, ACIC against GAPBS and Wasp at equal PEs (2026-10-02)",,superseded: D7 baselines at their own thread count (sec. 41)
22583270,acic-ipdps27-delta-20260928,onenode_ab;run.py,80,80,road-eu-z,acic;gap;wasp,cand_b1024_leaf;frz_heap;gap-t128-d4096-spread;paper_c65536;wasp-t96-d4096-spread,cn013,acic-d7c-road-eu-z,rfp-delta-cpu,cpu-interactive,COMPLETED,2026-09-30T16:49:41,2026-09-30T16:53:32,00:03:51,cn013,"current-state.md: 41. D7: one Delta node, ACIC against GAPBS and Wasp at equal PEs (2026-10-02)","199ee56 2026-10-02 D7: baselines pack again; spread is opt-in (SPREAD=1). Job 22621300 (cn022, 144/144 digest-checked) ran sec. 23's exact Wasp launch, both D7 launches and one-change variants: spread",superseded: D7 baselines at their own thread count (sec. 41)
22583357,acic-ipdps27-delta-20260928,run.py,62,62,mesh28-z,gap;wasp,gap-t128-d1024-spread;gap-t128-d16384-spread;gap-t128-d4096-spread;gap-t64-d1024-spread;gap-t64-d16384-spread;gap-t64-d4096-spread;gap-t96-d1024-spread;gap-t96-d16384-spread;gap-t96-d4096-spread;wasp-t128-d1024-spread;wasp-t128-d16384-spread;wasp-t128-d4096-spread;wasp-t64-d1024-spread;wasp-t64-d16384-spread;wasp-t64-d4096-spread;wasp-t96-d1024-spread;wasp-t96-d16384-spread;wasp-t96-d4096-spread,cn013,acic-d7t-mesh28-z,rfp-delta-cpu,cpu-interactive,COMPLETED,2026-09-30T16:55:42,2026-09-30T17:03:47,00:08:05,cn013,"tune for job 22583538; current-state.md: 41. D7: one Delta node, ACIC against GAPBS and Wasp at equal PEs (2026-10-02)",,superseded: D7 baselines at their own thread count (sec. 41)
22583538,acic-ipdps27-delta-20260928,onenode_ab;run.py,64,64,mesh28-z,acic;gap;wasp,frz_c256;frz_heap;gap-t128-d4096-spread;wasp-t128-d4096-spread,cn013,acic-d7c-mesh28-z,rfp-delta-cpu,cpu-interactive,COMPLETED,2026-09-30T17:05:42,2026-09-30T17:11:17,00:05:35,cn013,"current-state.md: 41. D7: one Delta node, ACIC against GAPBS and Wasp at equal PEs (2026-10-02)","199ee56 2026-10-02 D7: baselines pack again; spread is opt-in (SPREAD=1). Job 22621300 (cn022, 144/144 digest-checked) ran sec. 23's exact Wasp launch, both D7 launches and one-change variants: spread",superseded: D7 baselines at their own thread count (sec. 41)
22583702,acic-ipdps27-delta-20260928,run.py,90,90,mesh26-z,gap;wasp,gap-t128-d1024-spread;gap-t128-d16384-spread;gap-t128-d256-spread;gap-t128-d4096-spread;gap-t32-d1024-spread;gap-t32-d16384-spread;gap-t32-d256-spread;gap-t32-d4096-spread;gap-t64-d1024-spread;gap-t64-d16384-spread;gap-t64-d256-spread;gap-t64-d4096-spread;gap-t96-d1024-spread;gap-t96-d16384-spread;gap-t96-d256-spread;gap-t96-d4096-spread;wasp-t128-d1024-spread;wasp-t128-d16384-spread;wasp-t128-d256-spread;wasp-t128-d4096-spread;wasp-t32-d1024-spread;wasp-t32-d16384-spread;wasp-t32-d256-spread;wasp-t32-d4096-spread;wasp-t64-d1024-spread;wasp-t64-d16384-spread;wasp-t64-d256-spread;wasp-t64-d4096-spread;wasp-t96-d1024-spread;wasp-t96-d16384-spread;wasp-t96-d256-spread;wasp-t96-d4096-spread,cn014,acic-d7t-mesh26-z,rfp-delta-cpu,cpu-interactive,COMPLETED,2026-09-30T17:16:33,2026-09-30T17:21:30,00:04:57,cn014,"tune for job 22583809; current-state.md: 41. D7: one Delta node, ACIC against GAPBS and Wasp at equal PEs (2026-10-02)",,superseded: D7 baselines at their own thread count (sec. 41)
22583809,acic-ipdps27-delta-20260928,onenode_ab;run.py,64,64,mesh26-z,acic;gap;wasp,frz_c256;frz_heap;gap-t128-d4096-spread;wasp-t128-d4096-spread,cn014,acic-d7c-mesh26-z,rfp-delta-cpu,cpu-interactive,COMPLETED,2026-09-30T17:22:35,2026-09-30T17:24:57,00:02:22,cn014,"current-state.md: 41. D7: one Delta node, ACIC against GAPBS and Wasp at equal PEs (2026-10-02)","199ee56 2026-10-02 D7: baselines pack again; spread is opt-in (SPREAD=1). Job 22621300 (cn022, 144/144 digest-checked) ran sec. 23's exact Wasp launch, both D7 launches and one-change variants: spread",superseded: D7 baselines at their own thread count (sec. 41)
22621300,acic-ipdps27-delta-20260928,launch_ab,144,144,road-eu-z;road-usa-z,gap;wasp,gap-d7packed;gap-d7spread;gap-s23;gap-s23_campenv;gap-s23_cores;gap-s23_spread;wasp-d7packed;wasp-d7spread;wasp-s23;wasp-s23_campenv;wasp-s23_cores;wasp-s23_spread,cn022,acic-d7l,rfp-delta-cpu,cpu-interactive,COMPLETED,2026-10-02T09:01:14,2026-10-02T09:06:28,00:05:14,cn022,"current-state.md: 41. D7: one Delta node, ACIC against GAPBS and Wasp at equal PEs (2026-10-02)","199ee56 2026-10-02 D7: baselines pack again; spread is opt-in (SPREAD=1). Job 22621300 (cn022, 144/144 digest-checked) ran sec. 23's exact Wasp launch, both D7 launches and one-change variants: spread",
22622404,acic-ipdps27-delta-20260928,run.py,17,17,terrain30-c-z,gap,gap-t128-d2048;gap-t128-d32768;gap-t128-d512;gap-t128-d8192;gap-t64-d2048;gap-t64-d32768;gap-t64-d512;gap-t64-d8192,cn026,acic-d7T-terrain30-c-z,mzu-delta-cpu,cpu,CANCELLED by 69797,2026-10-02T10:57:44,2026-10-02T11:11:09,00:13:25,cn026,,,superseded: D7 baselines at their own thread count (sec. 41)
22622406,acic-ipdps27-delta-20260928,run.py,3,1,grid3-30-z,gap,gap-t128-d16384;gap-t64-d16384;gap-t64-d256,cn029,acic-d7T-grid3-30-z,mzu-delta-cpu,cpu,CANCELLED by 69797,2026-10-02T10:57:44,2026-10-02T11:11:09,00:13:25,cn029,,,superseded: D7 baselines at their own thread count (sec. 41)
22622410,acic-ipdps27-delta-20260928,run.py,9,9,mesh30-z,gap,gap-t128-d1024;gap-t128-d16384;gap-t128-d4096;gap-t64-d1024;gap-t64-d16384;gap-t64-d4096,cn038,acic-d7T-mesh30-z,mzu-delta-cpu,cpu,CANCELLED by 69797,2026-10-02T10:57:44,2026-10-02T11:11:09,00:13:25,cn038,,,superseded: D7 baselines at their own thread count (sec. 41)
22623612,acic-ipdps27-delta-20260928,run.py,74,74,rmat25,gap;wasp,gap-t128-d1;gap-t128-d16;gap-t128-d4;gap-t128-d64;gap-t32-d1;gap-t32-d16;gap-t32-d4;gap-t32-d64;gap-t64-d1;gap-t64-d16;gap-t64-d4;gap-t64-d64;wasp-t128-d1;wasp-t128-d16;wasp-t128-d4;wasp-t128-d64;wasp-t32-d1;wasp-t32-d16;wasp-t32-d4;wasp-t32-d64;wasp-t64-d1;wasp-t64-d16;wasp-t64-d4;wasp-t64-d64,cn100,acic-d7t-rmat25,rfp-delta-cpu,cpu-interactive,COMPLETED,2026-10-02T10:52:31,2026-10-02T10:57:09,00:04:38,cn100,"tune for job 22623748; current-state.md: 41. D7: one Delta node, ACIC against GAPBS and Wasp at equal PEs (2026-10-02)",,superseded: D7 baselines at their own thread count (sec. 41)
22623748,acic-ipdps27-delta-20260928,onenode_ab;run.py,48,48,rmat25,acic;gap;wasp,frz_heap;gap-t64-d1;wasp-t64-d1,cn100,acic-d7c-rmat25,rfp-delta-cpu,cpu-interactive,COMPLETED,2026-10-02T10:57:41,2026-10-02T10:59:31,00:01:50,cn100,"current-state.md: 41. D7: one Delta node, ACIC against GAPBS and Wasp at equal PEs (2026-10-02)","ce2b7a9 2026-10-02 D7 rmat25 packed (tune 22623612, compare 22623748; 48/48 valid): GAPBS t64 d1 and Wasp t64 d1 are 1.4x faster packed than spread (0.68/0.63 s against 0.94/0.88 s); frz_heap is 1.08-",superseded: D7 baselines at their own thread count (sec. 41)
22623800,acic-ipdps27-delta-20260928,run.py,62,62,mesh28-z,gap;wasp,gap-t128-d1024;gap-t128-d16384;gap-t128-d4096;gap-t64-d1024;gap-t64-d16384;gap-t64-d4096;gap-t96-d1024;gap-t96-d16384;gap-t96-d4096;wasp-t128-d1024;wasp-t128-d16384;wasp-t128-d4096;wasp-t64-d1024;wasp-t64-d16384;wasp-t64-d4096;wasp-t96-d1024;wasp-t96-d16384;wasp-t96-d4096,cn116,acic-d7t-mesh28-z,rfp-delta-cpu,cpu-interactive,COMPLETED,2026-10-02T11:03:01,2026-10-02T11:10:25,00:07:24,cn116,,,superseded: D7 baselines at their own thread count (sec. 41)
22623915,acic-ipdps27-delta-20260928,run.py,46,46,terrain30-c-z,gap;wasp,gap-t112-d1024;gap-t112-d16384;gap-t112-d2048;gap-t112-d4096;gap-t112-d8192;wasp-t112-d1024;wasp-t112-d16384;wasp-t112-d2048;wasp-t112-d4096;wasp-t112-d8192,cn131,acic-d7T-terrain30-c-z,mzu-delta-cpu,cpu,COMPLETED,2026-10-02T13:10:37,2026-10-02T13:37:59,00:27:22,cn131,"tune for job 22623916; current-state.md: 41. D7: one Delta node, ACIC against GAPBS and Wasp at equal PEs (2026-10-02)",,
22623916,acic-ipdps27-delta-20260928,onenode_ab;run.py,64,64,terrain30-c-z,acic;gap;wasp,frz_c256;frz_heap;gap-t112-d4096;wasp-t112-d4096,cn041,acic-d7C-terrain30-c-z,mzu-delta-cpu,cpu,COMPLETED,2026-10-02T14:54:14,2026-10-02T15:16:18,00:22:04,cn041,"current-state.md: 41. D7: one Delta node, ACIC against GAPBS and Wasp at equal PEs (2026-10-02)",3d25ab6 2026-10-03 D7 complete at equal PEs: current-state section 41,
22623917,acic-ipdps27-delta-20260928,run.py,36,35,grid3-30-z,gap;wasp,gap-t112-d1024;gap-t112-d16384;gap-t112-d2048;gap-t112-d4096;gap-t112-d8192;wasp-t112-d1024;wasp-t112-d16384;wasp-t112-d2048;wasp-t112-d4096;wasp-t112-d8192,cn100,acic-d7T-grid3-30-z,mzu-delta-cpu,cpu,TIMEOUT,2026-10-02T13:12:21,2026-10-02T14:07:51,00:55:30,cn100,"current-state.md: 41. D7: one Delta node, ACIC against GAPBS and Wasp at equal PEs (2026-10-02)",3d25ab6 2026-10-03 D7 complete at equal PEs: current-state section 41,timed out: grid3-30-z tune rerun as 22627665
22623919,acic-ipdps27-delta-20260928,run.py,46,46,mesh30-z,gap;wasp,gap-t112-d1024;gap-t112-d16384;gap-t112-d2048;gap-t112-d4096;gap-t112-d8192;wasp-t112-d1024;wasp-t112-d16384;wasp-t112-d2048;wasp-t112-d4096;wasp-t112-d8192,cn136,acic-d7T-mesh30-z,mzu-delta-cpu,cpu,COMPLETED,2026-10-02T13:12:21,2026-10-02T13:52:08,00:39:47,cn136,"tune for job 22623920; current-state.md: 41. D7: one Delta node, ACIC against GAPBS and Wasp at equal PEs (2026-10-02)",,
22623920,acic-ipdps27-delta-20260928,onenode_ab;run.py,64,64,mesh30-z,acic;gap;wasp,frz_c256;frz_heap;gap-t112-d2048;wasp-t112-d4096,cn047,acic-d7C-mesh30-z,mzu-delta-cpu,cpu,COMPLETED,2026-10-02T19:28:22,2026-10-02T19:59:01,00:30:39,cn047,"current-state.md: 41. D7: one Delta node, ACIC against GAPBS and Wasp at equal PEs (2026-10-02)",3d25ab6 2026-10-03 D7 complete at equal PEs: current-state section 41,
22623921,acic-ipdps27-delta-20260928,run.py,50,50,road-usa-z,gap;wasp,gap-t112-d131072;gap-t112-d16384;gap-t112-d32768;gap-t112-d4096;gap-t112-d65536;gap-t112-d8192;wasp-t112-d131072;wasp-t112-d16384;wasp-t112-d32768;wasp-t112-d4096;wasp-t112-d65536;wasp-t112-d8192,cn026,acic-d7t-road-usa-z,rfp-delta-cpu,cpu-interactive,COMPLETED,2026-10-02T11:11:36,2026-10-02T11:12:38,00:01:02,cn026,"tune for job 22623971; current-state.md: 41. D7: one Delta node, ACIC against GAPBS and Wasp at equal PEs (2026-10-02)",,
22623971,acic-ipdps27-delta-20260928,onenode_ab;run.py,80,80,road-usa-z,acic;gap;wasp,cand_b16384_leaf;frz_heap;gap-t112-d32768;paper_c65536;wasp-t112-d65536,cn089,acic-d7c-road-usa-z,rfp-delta-cpu,cpu-interactive,COMPLETED,2026-10-02T11:18:14,2026-10-02T11:20:16,00:02:02,cn089,"current-state.md: 41. D7: one Delta node, ACIC against GAPBS and Wasp at equal PEs (2026-10-02)","323f3b4 2026-10-02 D7 roads at equal PEs (112 workers / 112 threads; 80/80 valid each). road-usa-z (tune 22623921, compare 22623971): GAPBS d32768, Wasp d65536; the round-2 candidate (band 16384 + lea",
22624031,acic-ipdps27-delta-20260928,run.py,50,50,road-eu-z,gap;wasp,gap-t112-d1024;gap-t112-d16384;gap-t112-d2048;gap-t112-d4096;gap-t112-d512;gap-t112-d8192;wasp-t112-d1024;wasp-t112-d16384;wasp-t112-d2048;wasp-t112-d4096;wasp-t112-d512;wasp-t112-d8192,cn089,acic-d7t-road-eu-z,rfp-delta-cpu,cpu-interactive,COMPLETED,2026-10-02T11:29:08,2026-10-02T11:31:12,00:02:04,cn089,"tune for job 22624107; current-state.md: 41. D7: one Delta node, ACIC against GAPBS and Wasp at equal PEs (2026-10-02)",4617bed 2026-09-21 Validate one-node batching gains and prioritize scaling from the optimized baseline,
22624107,acic-ipdps27-delta-20260928,onenode_ab;run.py,80,80,road-eu-z,acic;gap;wasp,cand_b1024_leaf;frz_heap;gap-t112-d2048;paper_c65536;wasp-t112-d4096,cn039,acic-d7c-road-eu-z,rfp-delta-cpu,cpu-interactive,COMPLETED,2026-10-02T11:32:07,2026-10-02T11:36:08,00:04:01,cn039,"current-state.md: 41. D7: one Delta node, ACIC against GAPBS and Wasp at equal PEs (2026-10-02)","323f3b4 2026-10-02 D7 roads at equal PEs (112 workers / 112 threads; 80/80 valid each). road-usa-z (tune 22623921, compare 22623971): GAPBS d32768, Wasp d65536; the round-2 candidate (band 16384 + lea",
22624151,acic-ipdps27-delta-20260928,run.py,54,54,rmat25,gap;wasp,gap-t112-d1;gap-t112-d16;gap-t112-d2;gap-t112-d32;gap-t112-d4;gap-t112-d64;gap-t112-d8;wasp-t112-d1;wasp-t112-d16;wasp-t112-d2;wasp-t112-d32;wasp-t112-d4;wasp-t112-d64;wasp-t112-d8,cn051,acic-d7t-rmat25,rfp-delta-cpu,cpu-interactive,COMPLETED,2026-10-02T11:43:06,2026-10-02T11:47:19,00:04:13,cn051,"tune for job 22624395; current-state.md: 41. D7: one Delta node, ACIC against GAPBS and Wasp at equal PEs (2026-10-02)",,
22624395,acic-ipdps27-delta-20260928,onenode_ab;run.py,48,48,rmat25,acic;gap;wasp,frz_heap;gap-t112-d2;wasp-t112-d1,cn113,acic-d7c-rmat25,rfp-delta-cpu,cpu-interactive,COMPLETED,2026-10-02T11:49:01,2026-10-02T11:51:42,00:02:41,cn113,"current-state.md: 41. D7: one Delta node, ACIC against GAPBS and Wasp at equal PEs (2026-10-02)","bad5fd3 2026-10-02 D7 at equal PEs (112/112), all solves valid: rmat25 (22624151/22624395) frz_heap 1.04-1.26x faster than GAPBS d2, 1.04-1.25x slower than Wasp d1; GAPBS is 1.4x slower at 112 threads",
22624452,acic-ipdps27-delta-20260928,run.py,46,46,mesh28-z,gap;wasp,gap-t112-d1024;gap-t112-d16384;gap-t112-d2048;gap-t112-d4096;gap-t112-d8192;wasp-t112-d1024;wasp-t112-d16384;wasp-t112-d2048;wasp-t112-d4096;wasp-t112-d8192,cn136,acic-d7t-mesh28-z,rfp-delta-cpu,cpu-interactive,COMPLETED,2026-10-02T12:02:12,2026-10-02T12:07:21,00:05:09,cn136,"tune for job 22624600; current-state.md: 41. D7: one Delta node, ACIC against GAPBS and Wasp at equal PEs (2026-10-02)",,
22624600,acic-ipdps27-delta-20260928,onenode_ab;run.py,64,64,mesh28-z,acic;gap;wasp,frz_c256;frz_heap;gap-t112-d4096;wasp-t112-d4096,cn112,acic-d7c-mesh28-z,rfp-delta-cpu,cpu-interactive,COMPLETED,2026-10-02T12:17:25,2026-10-02T12:22:53,00:05:28,cn112,"current-state.md: 41. D7: one Delta node, ACIC against GAPBS and Wasp at equal PEs (2026-10-02)","bad5fd3 2026-10-02 D7 at equal PEs (112/112), all solves valid: rmat25 (22624151/22624395) frz_heap 1.04-1.26x faster than GAPBS d2, 1.04-1.25x slower than Wasp d1; GAPBS is 1.4x slower at 112 threads",
22625261,acic-ipdps27-delta-20260928,run.py,46,46,mesh26-z,gap;wasp,gap-t112-d1024;gap-t112-d16384;gap-t112-d2048;gap-t112-d4096;gap-t112-d8192;wasp-t112-d1024;wasp-t112-d16384;wasp-t112-d2048;wasp-t112-d4096;wasp-t112-d8192,cn131,acic-d7t-mesh26-z,rfp-delta-cpu,cpu-interactive,COMPLETED,2026-10-02T12:30:57,2026-10-02T12:32:37,00:01:40,cn131,"tune for job 22625422; current-state.md: 41. D7: one Delta node, ACIC against GAPBS and Wasp at equal PEs (2026-10-02)",,
22625422,acic-ipdps27-delta-20260928,onenode_ab;run.py,64,64,mesh26-z,acic;gap;wasp,frz_c256;frz_heap;gap-t112-d4096;wasp-t112-d2048,cn131,acic-d7c-mesh26-z,rfp-delta-cpu,cpu-interactive,COMPLETED,2026-10-02T12:33:19,2026-10-02T12:35:18,00:01:59,cn131,"current-state.md: 41. D7: one Delta node, ACIC against GAPBS and Wasp at equal PEs (2026-10-02)","bad5fd3 2026-10-02 D7 at equal PEs (112/112), all solves valid: rmat25 (22624151/22624395) frz_heap 1.04-1.26x faster than GAPBS d2, 1.04-1.25x slower than Wasp d1; GAPBS is 1.4x slower at 112 threads",
22625443,acic-ipdps27-delta-20260928,launch_ab,144,144,road-eu-z;road-usa-z,gap;wasp,gap-d7packed;gap-d7spread;gap-s23;gap-s23_campenv;gap-s23_cores;gap-s23_spread;wasp-d7packed;wasp-d7spread;wasp-s23;wasp-s23_campenv;wasp-s23_cores;wasp-s23_spread,cn099,acic-d7l99,rfp-delta-cpu,cpu-interactive,COMPLETED,2026-10-02T19:43:23,2026-10-02T19:46:23,00:03:00,cn099,"current-state.md: 41. D7: one Delta node, ACIC against GAPBS and Wasp at equal PEs (2026-10-02)",3d25ab6 2026-10-03 D7 complete at equal PEs: current-state section 41,
22627665,acic-ipdps27-delta-20260928,run.py,46,46,grid3-30-z,gap;wasp,gap-t112-d1024;gap-t112-d128;gap-t112-d2048;gap-t112-d256;gap-t112-d512;wasp-t112-d1024;wasp-t112-d128;wasp-t112-d2048;wasp-t112-d256;wasp-t112-d512,cn123,acic-d7T-grid3-30-z,mzu-delta-cpu,cpu,COMPLETED,2026-10-02T19:33:54,2026-10-02T20:33:49,00:59:55,cn123,"current-state.md: 41. D7: one Delta node, ACIC against GAPBS and Wasp at equal PEs (2026-10-02)",3d25ab6 2026-10-03 D7 complete at equal PEs: current-state section 41,
22627666,acic-ipdps27-delta-20260928,onenode_ab;run.py,64,64,grid3-30-z,acic;gap;wasp,frz_c256;frz_heap;gap-t112-d256;wasp-t112-d1024,cn011,acic-d7C-grid3-30-z,mzu-delta-cpu,cpu,COMPLETED,2026-10-02T20:38:20,2026-10-02T21:32:11,00:53:51,cn011,"current-state.md: 41. D7: one Delta node, ACIC against GAPBS and Wasp at equal PEs (2026-10-02)",3d25ab6 2026-10-03 D7 complete at equal PEs: current-state section 41,
